NAME,B08301_001E,B08301_018E,B08301_018M,B08301_019E,B08301_021E,state,county,tract,block group
"Block Group 1, Census Tract 3101.03, Marion County, Indiana",1158,5,17,10,65,18,097,310103,1
"Block Group 2, Census Tract 3101.03, Marion County, Indiana",401,-666666666,-666666666,0,22,18,097,310103,2
"Block Group 3, Census Tract 3101.03, Marion County, Indiana",924,0,14,6,40,18,097,310103,3
"Block Group 4, Census Tract 3101.03, Marion County, Indiana",955,0,14,0,55,18,097,310103,4
"Block Group 1, Census Tract 3101.04, Marion County, Indiana",364,5,17,5,16,18,097,310104,1
"Block Group 2, Census Tract 3101.04, Marion County, Indiana",296,2,15,0,16,18,097,310104,2
"Block Group 3, Census Tract 3101.04, Marion County, Indiana",734,3,16,16,48,18,097,310104,3
"Block Group 1, Census Tract 3101.05, Marion County, Indiana",282,0,14,0,13,18,097,310105,1
"Block Group 2, Census Tract 3101.05, Marion County, Indiana",1392,5,17,25,59,18,097,310105,2
"Block Group 1, Census Tract 3101.06, Marion County, Indiana",1326,6,18,36,74,18,097,310106,1
"Block Group 2, Census Tract 3101.06, Marion County, Indiana",647,0,14,4,40,18,097,310106,2
"Block Group 1, Census Tract 3101.08, Marion County, Indiana",627,1,14,0,45,18,097,310108,1
"Block Group 2, Census Tract 3101.08, Marion County, Indiana",793,0,14,2,36,18,097,310108,2
"Block Group 1, Census Tract 3101.1, Marion County, Indiana",404,0,14,0,20,18,097,310110,1
"Block Group 2, Census Tract 3101.1, Marion County, Indiana",722,0,14,2,37,18,097,310110,2
"Block Group 1, Census Tract 3101.11, Marion County, Indiana",766,0,14,0,43,18,097,310111,1
"Block Group 2, Census Tract 3101.11, Marion County, Indiana",1114,18,24,25,66,18,097,310111,2
"Block Group 1, Census Tract 3102.01, Marion County, Indiana",391,1,14,0,18,18,097,310201,1
"Block Group 2, Census Tract 3102.01, Marion County, Indiana",0,0,14,0,0,18,097,310201,2
"Block Group 1, Census Tract 3102.03, Marion County, Indiana",1429,-666666666,-666666666,48,82,18,097,310203,1
"Block Group 2, Census Tract 3102.03, Marion County, Indiana",839,0,14,16,48,18,097,310203,2
"Block Group 3, Census Tract 3102.03, Marion County, Indiana",570,1,14,0,25,18,097,310203,3
"Block Group 1, Census Tract 3102.04, Marion County, Indiana",929,0,14,0,41,18,097,310204,1
"Block Group 2, Census Tract 3102.04, Marion County, Indiana",499,0,14,11,25,18,097,310204,2
"Block Group 3, Census Tract 3102.04, Marion County, Indiana",1121,17,23,34,71,18,097,310204,3
"Block Group 1, Census Tract 3103.05, Marion County, Indiana",998,3,16,8,53,18,097,310305,1
"Block Group 2, Census Tract 3103.05, Marion County, Indiana",685,9,20,24,31,18,097,310305,2
"Block Group 3, Census Tract 3103.05, Marion County, Indiana",1057,0,14,4,57,18,097,310305,3
"Block Group 1, Census Tract 3103.06, Marion County, Indiana",200,0,14,12,14,18,097,310306,1
"Block Group 2, Census Tract 3103.06, Marion County, Indiana",1165,9,20,31,57,18,097,310306,2
"Block Group 3, Census Tract 3103.06, Marion County, Indiana",1480,21,25,40,65,18,097,310306,3
"Block Group 1, Census Tract 3103.08, Marion County, Indiana",546,5,17,9,37,18,097,310308,1
"Block Group 2, Census Tract 3103.08, Marion County, Indiana",1005,0,14,8,56,18,097,310308,2
"Block Group 3, Census Tract 3103.08, Marion County, Indiana",57,4,13,9,9,18,097,310308,3
"Block Group 1, Census Tract 3103.09, Marion County, Indiana",420,2,15,8,26,18,097,310309,1
"Block Group 2, Census Tract 3103.09, Marion County, Indiana",1167,0,14,24,69,18,097,310309,2
"Block Group 1, Census Tract 3103.1, Marion County, Indiana",1092,6,18,20,58,18,097,310310,1
"Block Group 2, Census Tract 3103.1, Marion County, Indiana",986,1,14,6,55,18,097,310310,2
"Block Group 1, Census Tract 3103.11, Marion County, Indiana",668,0,14,1,39,18,097,310311,1
"Block Group 2, Census Tract 3103.11, Marion County, Indiana",464,0,14,3,26,18,097,310311,2
"Block Group 3, Census Tract 3103.11, Marion County, Indiana",1238,1,14,1,67,18,097,310311,3
"Block Group 1, Census Tract 3103.12, Marion County, Indiana",928,5,17,17,52,18,097,310312,1
"Block Group 2, Census Tract 3103.12, Marion County, Indiana",1165,7,19,11,56,18,097,310312,2
"Block Group 3, Census Tract 3103.12, Marion County, Indiana",776,3,16,12,38,18,097,310312,3
"Block Group 1, Census Tract 3201.05, Marion County, Indiana",1040,5,17,25,39,18,097,320105,1
"Block Group 2, Census Tract 3201.05, Marion County, Indiana",990,0,14,0,45,18,097,320105,2
"Block Group 1, Census Tract 3201.06, Marion County, Indiana",543,0,14,6,37,18,097,320106,1
"Block Group 2, Census Tract 3201.06, Marion County, Indiana",468,6,18,6,23,18,097,320106,2
"Block Group 2, Census Tract 3201.07, Marion County, Indiana",684,0,14,18,42,18,097,320107,2
"Block Group 1, Census Tract 3201.08, Marion County, Indiana",387,5,17,8,20,18,097,320108,1
"Block Group 2, Census Tract 3201.08, Marion County, Indiana",716,1,14,22,34,18,097,320108,2
"Block Group 3, Census Tract 3201.08, Marion County, Indiana",1306,1,14,7,62,18,097,320108,3
"Block Group 1, Census Tract 3201.09, Marion County, Indiana",523,12,21,18,35,18,097,320109,1
"Block Group 2, Census Tract 3201.09, Marion County, Indiana",621,0,14,0,45,18,097,320109,2
"Block Group 1, Census Tract 3202.02, Marion County, Indiana",519,0,14,7,33,18,097,320202,1
"Block Group 2, Census Tract 3202.02, Marion County, Indiana",806,4,17,10,36,18,097,320202,2
"Block Group 3, Census Tract 3202.02, Marion County, Indiana",532,5,17,11,29,18,097,320202,3
"Block Group 1, Census Tract 3202.03, Marion County, Indiana",877,3,16,15,45,18,097,320203,1
"Block Group 2, Census Tract 3202.03, Marion County, Indiana",394,0,14,0,22,18,097,320203,2
"Block Group 1, Census Tract 3202.04, Marion County, Indiana",0,0,14,0,0,18,097,320204,1
"Block Group 2, Census Tract 3202.04, Marion County, Indiana",500,0,14,3,41,18,097,320204,2
"Block Group 3, Census Tract 3202.04, Marion County, Indiana",596,9,20,17,45,18,097,320204,3
"Block Group 1, Census Tract 3203.01, Marion County, Indiana",501,0,14,3,25,18,097,320301,1
"Block Group 2, Census Tract 3203.01, Marion County, Indiana",651,0,14,4,47,18,097,320301,2
"Block Group 3, Census Tract 3203.01, Marion County, Indiana",443,2,15,5,31,18,097,320301,3
"Block Group 1, Census Tract 3203.03, Marion County, Indiana",759,17,23,13,46,18,097,320303,1
"Block Group 2, Census Tract 3203.03, Marion County, Indiana",642,14,22,10,25,18,097,320303,2
"Block Group 1, Census Tract 3203.04, Marion County, Indiana",608,11,21,19,33,18,097,320304,1
"Block Group 2, Census Tract 3203.04, Marion County, Indiana",568,3,16,0,22,18,097,320304,2
"Block Group 3, Census Tract 3203.04, Marion County, Indiana",1075,18,24,22,51,18,097,320304,3
"Block Group 4, Census Tract 3203.04, Marion County, Indiana",659,12,21,18,33,18,097,320304,4
"Block Group 1, Census Tract 3204, Marion County, Indiana",610,0,14,4,18,18,097,320400,1
"Block Group 2, Census Tract 3204, Marion County, Indiana",923,6,18,8,54,18,097,320400,2
"Block Group 1, Census Tract 3205, Marion County, Indiana",977,0,14,1,45,18,097,320500,1
"Block Group 2, Census Tract 3205, Marion County, Indiana",449,6,18,14,20,18,097,320500,2
"Block Group 1, Census Tract 3206, Marion County, Indiana",452,4,17,12,19,18,097,320600,1
"Block Group 2, Census Tract 3206, Marion County, Indiana",486,8,19,23,35,18,097,320600,2
"Block Group 1, Census Tract 3207, Marion County, Indiana",738,10,20,14,41,18,097,320700,1
"Block Group 2, Census Tract 3208, Marion County, Indiana",377,0,14,8,16,18,097,320800,2
"Block Group 3, Census Tract 3208, Marion County, Indiana",547,1,14,13,32,18,097,320800,3
"Block Group 1, Census Tract 3209.01, Marion County, Indiana",614,5,17,9,40,18,097,320901,1
"Block Group 2, Census Tract 3209.01, Marion County, Indiana",609,9,20,13,30,18,097,320901,2
"Block Group 3, Census Tract 3209.01, Marion County, Indiana",1586,-666666666,-666666666,41,83,18,097,320901,3
"Block Group 4, Census Tract 3209.01, Marion County, Indiana",521,0,14,1,23,18,097,320901,4
"Block Group 1, Census Tract 3209.02, Marion County, Indiana",673,0,14,1,32,18,097,320902,1
"Block Group 2, Census Tract 3209.02, Marion County, Indiana",1158,0,14,2,62,18,097,320902,2
"Block Group 1, Census Tract 3209.03, Marion County, Indiana",0,0,14,0,0,18,097,320903,1
"Block Group 2, Census Tract 3209.03, Marion County, Indiana",831,0,14,0,44,18,097,320903,2
"Block Group 3, Census Tract 3209.03, Marion County, Indiana",505,0,14,2,32,18,097,320903,3
"Block Group 1, Census Tract 3210.01, Marion County, Indiana",842,-666666666,-666666666,27,46,18,097,321001,1
"Block Group 2, Census Tract 3210.01, Marion County, Indiana",597,22,25,27,42,18,097,321001,2
"Block Group 1, Census Tract 3210.02, Marion County, Indiana",374,3,16,9,20,18,097,321002,1
"Block Group 2, Census Tract 3210.02, Marion County, Indiana",971,2,15,11,61,18,097,321002,2
"Block Group 3, Census Tract 3210.02, Marion County, Indiana",697,6,18,4,46,18,097,321002,3
"Block Group 1, Census Tract 3211, Marion County, Indiana",439,2,15,8,19,18,097,321100,1
"Block Group 2, Census Tract 3211, Marion County, Indiana",426,0,14,1,30,18,097,321100,2
"Block Group 3, Census Tract 3211, Marion County, Indiana",300,0,14,3,14,18,097,321100,3
"Block Group 4, Census Tract 3211, Marion County, Indiana",307,1,14,8,23,18,097,321100,4
"Block Group 5, Census Tract 3211, Marion County, Indiana",14,4,18,0,1,18,097,321100,5
"Block Group 1, Census Tract 3212, Marion County, Indiana",710,16,23,26,37,18,097,321200,1
"Block Group 2, Census Tract 3212, Marion County, Indiana",739,1,14,0,42,18,097,321200,2
"Block Group 3, Census Tract 3212, Marion County, Indiana",564,11,21,17,29,18,097,321200,3
"Block Group 4, Census Tract 3212, Marion County, Indiana",423,2,15,9,29,18,097,321200,4
"Block Group 1, Census Tract 3213, Marion County, Indiana",531,9,20,9,20,18,097,321300,1
"Block Group 2, Census Tract 3213, Marion County, Indiana",633,3,16,17,44,18,097,321300,2
"Block Group 1, Census Tract 3214, Marion County, Indiana",392,0,14,0,28,18,097,321400,1
"Block Group 2, Census Tract 3214, Marion County, Indiana",890,1,14,4,45,18,097,321400,2
"Block Group 3, Census Tract 3214, Marion County, Indiana",378,0,14,0,12,18,097,321400,3
"Block Group 4, Census Tract 3214, Marion County, Indiana",656,6,18,13,45,18,097,321400,4
"Block Group 1, Census Tract 3216, Marion County, Indiana",1275,2,15,0,62,18,097,321600,1
"Block Group 2, Census Tract 3216, Marion County, Indiana",633,5,17,9,30,18,097,321600,2
"Block Group 3, Census Tract 3216, Marion County, Indiana",756,0,14,0,38,18,097,321600,3
"Block Group 1, Census Tract 3217, Marion County, Indiana",440,6,18,2,29,18,097,321700,1
"Block Group 2, Census Tract 3217, Marion County, Indiana",367,4,17,8,10,18,097,321700,2
"Block Group 3, Census Tract 3217, Marion County, Indiana",552,3,16,8,33,18,097,321700,3
"Block Group 4, Census Tract 3217, Marion County, Indiana",460,7,19,11,17,18,097,321700,4
"Block Group 1, Census Tract 3218, Marion County, Indiana",333,0,14,5,30,18,097,321800,1
"Block Group 2, Census Tract 3218, Marion County, Indiana",505,1,14,3,23,18,097,321800,2
"Block Group 3, Census Tract 3218, Marion County, Indiana",411,0,14,5,31,18,097,321800,3
"Block Group 4, Census Tract 3218, Marion County, Indiana",529,1,14,2,31,18,097,321800,4
"Block Group 1, Census Tract 3219, Marion County, Indiana",734,14,22,29,52,18,097,321900,1
"Block Group 2, Census Tract 3219, Marion County, Indiana",1042,21,25,20,54,18,097,321900,2
"Block Group 3, Census Tract 3219, Marion County, Indiana",433,7,19,8,17,18,097,321900,3
"Block Group 4, Census Tract 3219, Marion County, Indiana",689,10,20,11,32,18,097,321900,4
"Block Group 1, Census Tract 3220, Marion County, Indiana",503,7,19,15,27,18,097,322000,1
"Block Group 2, Census Tract 3220, Marion County, Indiana",513,0,14,0,27,18,097,322000,2
"Block Group 3, Census Tract 3220, Marion County, Indiana",473,0,14,2,19,18,097,322000,3
"Block Group 1, Census Tract 3221, Marion County, Indiana",495,3,16,5,15,18,097,322100,1
"Block Group 2, Census Tract 3221, Marion County, Indiana",528,0,14,7,33,18,097,322100,2
"Block Group 3, Census Tract 3221, Marion County, Indiana",387,10,20,6,22,18,097,322100,3
"Block Group 1, Census Tract 3222, Marion County, Indiana",446,8,19,10,25,18,097,322200,1
"Block Group 2, Census Tract 3222, Marion County, Indiana",634,3,16,6,24,18,097,322200,2
"Block Group 1, Census Tract 3223, Marion County, Indiana",426,5,17,7,33,18,097,322300,1
"Block Group 2, Census Tract 3223, Marion County, Indiana",382,2,15,11,17,18,097,322300,2
"Block Group 3, Census Tract 3223, Marion County, Indiana",401,7,19,15,33,18,097,322300,3
"Block Group 1, Census Tract 3224, Marion County, Indiana",277,2,15,13,22,18,097,322400,1
"Block Group 2, Census Tract 3224, Marion County, Indiana",0,0,14,0,0,18,097,322400,2
"Block Group 3, Census Tract 3224, Marion County, Indiana",434,0,14,8,23,18,097,322400,3
"Block Group 1, Census Tract 3225, Marion County, Indiana",269,0,14,5,5,18,097,322500,1
"Block Group 2, Census Tract 3225, Marion County, Indiana",426,5,17,12,34,18,097,322500,2
"Block Group 1, Census Tract 3226, Marion County, Indiana",229,8,19,12,11,18,097,322600,1
"Block Group 2, Census Tract 3226, Marion County, Indiana",718,1,14,19,35,18,097,322600,2
"Block Group 3, Census Tract 3226, Marion County, Indiana",631,3,16,18,32,18,097,322600,3
"Block Group 4, Census Tract 3226, Marion County, Indiana",214,0,14,6,7,18,097,322600,4
"Block Group 1, Census Tract 3227, Marion County, Indiana",419,7,19,5,18,18,097,322700,1
"Block Group 2, Census Tract 3227, Marion County, Indiana",227,3,16,4,11,18,097,322700,2
"Block Group 3, Census Tract 3227, Marion County, Indiana",377,0,14,8,21,18,097,322700,3
"Block Group 1, Census Tract 3301.03, Marion County, Indiana",909,2,15,9,56,18,097,330103,1
"Block Group 2, Census Tract 3301.03, Marion County, Indiana",561,0,14,0,25,18,097,330103,2
"Block Group 3, Census Tract 3301.03, Marion County, Indiana",588,9,20,15,42,18,097,330103,3
"Block Group 2, Census Tract 3301.05, Marion County, Indiana",530,14,22,18,33,18,097,330105,2
"Block Group 3, Census Tract 3301.05, Marion County, Indiana",760,0,14,0,39,18,097,330105,3
"Block Group 1, Census Tract 3301.06, Marion County, Indiana",645,24,26,33,38,18,097,330106,1
"Block Group 2, Census Tract 3301.06, Marion County, Indiana",337,0,14,0,18,18,097,330106,2
"Block Group 3, Census Tract 3301.06, Marion County, Indiana",948,0,14,0,50,18,097,330106,3
"Block Group 1, Census Tract 3301.07, Marion County, Indiana",639,11,21,13,33,18,097,330107,1
"Block Group 2, Census Tract 3301.07, Marion County, Indiana",679,0,14,4,27,18,097,330107,2
"Block Group 3, Census Tract 3301.07, Marion County, Indiana",593,0,14,4,16,18,097,330107,3
"Block Group 4, Census Tract 3301.07, Marion County, Indiana",666,2,15,0,28,18,097,330107,4
"Block Group 1, Census Tract 3301.08, Marion County, Indiana",1257,2,15,6,54,18,097,330108,1
"Block Group 2, Census Tract 3301.08, Marion County, Indiana",644,1,14,1,33,18,097,330108,2
"Block Group 1, Census Tract 3301.09, Marion County, Indiana",790,0,14,0,44,18,097,330109,1
"Block Group 2, Census Tract 3301.09, Marion County, Indiana",755,2,15,6,42,18,097,330109,2
"Block Group 3, Census Tract 3301.09, Marion County, Indiana",759,3,16,12,41,18,097,330109,3
"Block Group 1, Census Tract 3302.02, Marion County, Indiana",1340,20,24,29,77,18,097,330202,1
"Block Group 2, Census Tract 3302.02, Marion County, Indiana",3015,1,14,10,173,18,097,330202,2
"Block Group 3, Census Tract 3302.02, Marion County, Indiana",783,1,14,11,46,18,097,330202,3
"Block Group 1, Census Tract 3302.03, Marion County, Indiana",802,9,20,7,35,18,097,330203,1
"Block Group 2, Census Tract 3302.03, Marion County, Indiana",1547,10,20,45,80,18,097,330203,2
"Block Group 3, Census Tract 3302.03, Marion County, Indiana",592,6,18,14,33,18,097,330203,3
"Block Group 1, Census Tract 3302.04, Marion County, Indiana",1441,0,14,0,84,18,097,330204,1
"Block Group 2, Census Tract 3302.04, Marion County, Indiana",707,0,14,1,38,18,097,330204,2
"Block Group 3, Census Tract 3302.04, Marion County, Indiana",1078,0,14,3,56,18,097,330204,3
"Block Group 1, Census Tract 3302.06, Marion County, Indiana",1769,0,14,0,95,18,097,330206,1
"Block Group 2, Census Tract 3302.06, Marion County, Indiana",723,3,16,8,45,18,097,330206,2
"Block Group 1, Census Tract 3302.08, Marion County, Indiana",324,3,16,11,18,18,097,330208,1
"Block Group 2, Census Tract 3302.08, Marion County, Indiana",1109,0,14,0,60,18,097,330208,2
"Block Group 1, Census Tract 3302.09, Marion County, Indiana",1456,0,14,5,75,18,097,330209,1
"Block Group 2, Census Tract 3302.09, Marion County, Indiana",1206,0,14,2,64,18,097,330209,2
"Block Group 3, Census Tract 3302.09, Marion County, Indiana",576,0,14,8,27,18,097,330209,3
"Block Group 4, Census Tract 3302.09, Marion County, Indiana",560,1,14,4,32,18,097,330209,4
"Block Group 1, Census Tract 3304.01, Marion County, Indiana",1049,3,16,25,60,18,097,330401,1
"Block Group 2, Census Tract 3304.01, Marion County, Indiana",766,0,14,13,47,18,097,330401,2
"Block Group 3, Census Tract 3304.01, Marion County, Indiana",986,5,17,11,37,18,097,330401,3
"Block Group 1, Census Tract 3305, Marion County, Indiana",1178,15,23,22,69,18,097,330500,1
"Block Group 2, Census Tract 3305, Marion County, Indiana",1295,0,14,14,87,18,097,330500,2
"Block Group 3, Census Tract 3305, Marion County, Indiana",513,1,14,1,36,18,097,330500,3
"Block Group 4, Census Tract 3305, Marion County, Indiana",300,0,14,2,5,18,097,330500,4
"Block Group 1, Census Tract 3306, Marion County, Indiana",348,0,14,4,18,18,097,330600,1
"Block Group 2, Census Tract 3306, Marion County, Indiana",444,0,14,1,23,18,097,330600,2
"Block Group 3, Census Tract 3306, Marion County, Indiana",280,1,14,2,17,18,097,330600,3
"Block Group 4, Census Tract 3306, Marion County, Indiana",1241,0,14,18,71,18,097,330600,4
"Block Group 1, Census Tract 3307, Marion County, Indiana",794,5,17,7,40,18,097,330700,1
"Block Group 2, Census Tract 3307, Marion County, Indiana",1063,0,14,5,60,18,097,330700,2
"Block Group 3, Census Tract 3307, Marion County, Indiana",1060,1,14,0,54,18,097,330700,3
"Block Group 1, Census Tract 3308.03, Marion County, Indiana",487,1,14,11,25,18,097,330803,1
"Block Group 2, Census Tract 3308.03, Marion County, Indiana",763,13,22,25,45,18,097,330803,2
"Block Group 3, Census Tract 3308.03, Marion County, Indiana",468,0,14,7,28,18,097,330803,3
"Block Group 1, Census Tract 3308.04, Marion County, Indiana",456,2,15,7,26,18,097,330804,1
"Block Group 2, Census Tract 3308.04, Marion County, Indiana",934,4,17,27,56,18,097,330804,2
"Block Group 1, Census Tract 3308.05, Marion County, Indiana",201,0,14,7,14,18,097,330805,1
"Block Group 2, Census Tract 3308.05, Marion County, Indiana",140,1,14,6,0,18,097,330805,2
"Block Group 3, Census Tract 3308.05, Marion County, Indiana",652,16,23,24,37,18,097,330805,3
"Block Group 1, Census Tract 3308.06, Marion County, Indiana",1126,10,20,13,52,18,097,330806,1
"Block Group 2, Census Tract 3308.06, Marion County, Indiana",656,7,19,7,31,18,097,330806,2
"Block Group 1, Census Tract 3309, Marion County, Indiana",840,8,19,10,56,18,097,330900,1
"Block Group 2, Census Tract 3309, Marion County, Indiana",346,3,16,11,23,18,097,330900,2
"Block Group 3, Census Tract 3309, Marion County, Indiana",581,0,14,3,30,18,097,330900,3
"Block Group 4, Census Tract 3309, Marion County, Indiana",1060,13,22,12,61,18,097,330900,4
"Block Group 1, Census Tract 3310, Marion County, Indiana",428,5,17,10,26,18,097,331000,1
"Block Group 2, Census Tract 3310, Marion County, Indiana",262,1,14,4,20,18,097,331000,2
"Block Group 3, Census Tract 3310, Marion County, Indiana",231,6,18,8,19,18,097,331000,3
"Block Group 4, Census Tract 3310, Marion County, Indiana",498,0,14,0,29,18,097,331000,4
"Block Group 5, Census Tract 3310, Marion County, Indiana",535,1,14,0,30,18,097,331000,5
"Block Group 1, Census Tract 3401.01, Marion County, Indiana",369,1,14,0,20,18,097,340101,1
"Block Group 2, Census Tract 3401.01, Marion County, Indiana",652,0,14,0,35,18,097,340101,2
"Block Group 3, Census Tract 3401.01, Marion County, Indiana",534,8,19,11,27,18,097,340101,3
"Block Group 1, Census Tract 3401.02, Marion County, Indiana",527,1,14,7,39,18,097,340102,1
"Block Group 2, Census Tract 3401.02, Marion County, Indiana",892,15,23,20,54,18,097,340102,2
"Block Group 1, Census Tract 3401.08, Marion County, Indiana",214,0,14,2,13,18,097,340108,1
"Block Group 2, Census Tract 3401.08, Marion County, Indiana",695,2,15,20,45,18,097,340108,2
"Block Group 1, Census Tract 3401.09, Marion County, Indiana",445,1,14,0,29,18,097,340109,1
"Block Group 1, Census Tract 3401.1, Marion County, Indiana",588,0,14,0,34,18,097,340110,1
"Block Group 2, Census Tract 3401.1, Marion County, Indiana",543,7,19,30,42,18,097,340110,2
"Block Group 3, Census Tract 3401.1, Marion County, Indiana",1303,21,25,56,71,18,097,340110,3
"Block Group 1, Census Tract 3401.11, Marion County, Indiana",784,2,15,11,47,18,097,340111,1
"Block Group 2, Census Tract 3401.11, Marion County, Indiana",1205,1,14,8,73,18,097,340111,2
"Block Group 1, Census Tract 3401.12, Marion County, Indiana",444,0,14,0,24,18,097,340112,1
"Block Group 2, Census Tract 3401.12, Marion County, Indiana",826,0,14,0,45,18,097,340112,2
"Block Group 3, Census Tract 3401.12, Marion County, Indiana",829,12,21,25,34,18,097,340112,3
"Block Group 4, Census Tract 3401.12, Marion County, Indiana",18,4,15,5,9,18,097,340112,4
"Block Group 1, Census Tract 3401.13, Marion County, Indiana",1446,5,17,5,79,18,097,340113,1
"Block Group 2, Census Tract 3401.13, Marion County, Indiana",0,0,14,0,0,18,097,340113,2
"Block Group 1, Census Tract 3401.14, Marion County, Indiana",1422,1,14,0,86,18,097,340114,1
"Block Group 2, Census Tract 3401.14, Marion County, Indiana",658,0,14,0,31,18,097,340114,2
"Block Group 1, Census Tract 3402.01, Marion County, Indiana",495,3,16,6,27,18,097,340201,1
"Block Group 2, Census Tract 3402.01, Marion County, Indiana",879,20,24,24,39,18,097,340201,2
"Block Group 1, Census Tract 3402.02, Marion County, Indiana",575,10,20,32,42,18,097,340202,1
"Block Group 2, Census Tract 3402.02, Marion County, Indiana",380,0,14,9,21,18,097,340202,2
"Block Group 3, Census Tract 3402.02, Marion County, Indiana",955,24,26,35,59,18,097,340202,3
"Block Group 1, Census Tract 3403, Marion County, Indiana",834,34,29,23,47,18,097,340300,1
"Block Group 2, Census Tract 3403, Marion County, Indiana",311,0,14,5,7,18,097,340300,2
"Block Group 3, Census Tract 3403, Marion County, Indiana",1000,14,22,27,56,18,097,340300,3
"Block Group 4, Census Tract 3403, Marion County, Indiana",874,1,14,18,44,18,097,340300,4
"Block Group 5, Census Tract 3403, Marion County, Indiana",837,0,14,4,41,18,097,340300,5
"Block Group 1, Census Tract 3404, Marion County, Indiana",384,3,16,10,26,18,097,340400,1
"Block Group 2, Census Tract 3404, Marion County, Indiana",666,0,14,4,28,18,097,340400,2
"Block Group 3, Census Tract 3404, Marion County, Indiana",772,10,20,16,41,18,097,340400,3
"Block Group 1, Census Tract 3405, Marion County, Indiana",605,0,14,5,30,18,097,340500,1
"Block Group 2, Census Tract 3405, Marion County, Indiana",979,9,20,14,41,18,097,340500,2
"Block Group 3, Census Tract 3405, Marion County, Indiana",743,22,25,30,47,18,097,340500,3
"Block Group 1, Census Tract 3406, Marion County, Indiana",675,4,17,3,35,18,097,340600,1
"Block Group 2, Census Tract 3406, Marion County, Indiana",297,1,14,14,22,18,097,340600,2
"Block Group 3, Census Tract 3406, Marion County, Indiana",674,3,16,18,39,18,097,340600,3
"Block Group 4, Census Tract 3406, Marion County, Indiana",331,4,17,5,25,18,097,340600,4
"Block Group 5, Census Tract 3406, Marion County, Indiana",493,1,14,2,20,18,097,340600,5
"Block Group 1, Census Tract 3407, Marion County, Indiana",1106,10,20,20,63,18,097,340700,1
"Block Group 2, Census Tract 3407, Marion County, Indiana",327,5,17,6,35,18,097,340700,2
"Block Group 3, Census Tract 3407, Marion County, Indiana",575,8,19,8,26,18,097,340700,3
"Block Group 1, Census Tract 3408, Marion County, Indiana",515,0,14,12,24,18,097,340800,1
"Block Group 2, Census Tract 3408, Marion County, Indiana",309,9,20,0,23,18,097,340800,2
"Block Group 1, Census Tract 3409.01, Marion County, Indiana",1347,0,14,0,85,18,097,340901,1
"Block Group 2, Census Tract 3409.01, Marion County, Indiana",677,10,20,18,33,18,097,340901,2
"Block Group 1, Census Tract 3409.02, Marion County, Indiana",868,17,23,18,47,18,097,340902,1
"Block Group 2, Census Tract 3409.02, Marion County, Indiana",470,2,15,0,32,18,097,340902,2
"Block Group 3, Census Tract 3409.02, Marion County, Indiana",722,1,14,18,36,18,097,340902,3
"Block Group 4, Census Tract 3409.02, Marion County, Indiana",795,25,26,28,48,18,097,340902,4
"Block Group 1, Census Tract 3410, Marion County, Indiana",345,0,14,1,18,18,097,341000,1
"Block Group 2, Census Tract 3410, Marion County, Indiana",435,10,20,22,31,18,097,341000,2
"Block Group 1, Census Tract 3411, Marion County, Indiana",385,2,15,12,20,18,097,341100,1
"Block Group 2, Census Tract 3411, Marion County, Indiana",227,0,14,3,12,18,097,341100,2
"Block Group 3, Census Tract 3411, Marion County, Indiana",445,2,15,9,26,18,097,341100,3
"Block Group 1, Census Tract 3412, Marion County, Indiana",174,1,14,2,4,18,097,341200,1
"Block Group 2, Census Tract 3412, Marion County, Indiana",646,7,19,12,37,18,097,341200,2
"Block Group 3, Census Tract 3412, Marion County, Indiana",276,3,16,5,11,18,097,341200,3
"Block Group 1, Census Tract 3416, Marion County, Indiana",431,4,17,1,24,18,097,341600,1
"Block Group 2, Census Tract 3416, Marion County, Indiana",492,17,23,19,22,18,097,341600,2
"Block Group 1, Census Tract 3417, Marion County, Indiana",819,3,16,4,37,18,097,341700,1
"Block Group 2, Census Tract 3417, Marion County, Indiana",0,0,14,0,0,18,097,341700,2
"Block Group 3, Census Tract 3417, Marion County, Indiana",184,3,16,10,16,18,097,341700,3
"Block Group 4, Census Tract 3417, Marion County, Indiana",420,7,19,9,29,18,097,341700,4
"Block Group 1, Census Tract 3419.02, Marion County, Indiana",1242,4,17,21,71,18,097,341902,1
"Block Group 2, Census Tract 3419.02, Marion County, Indiana",349,-666666666,-666666666,8,9,18,097,341902,2
"Block Group 1, Census Tract 3419.03, Marion County, Indiana",1104,4,17,12,63,18,097,341903,1
"Block Group 2, Census Tract 3419.03, Marion County, Indiana",393,5,17,3,21,18,097,341903,2
"Block Group 3, Census Tract 3419.03, Marion County, Indiana",1054,11,21,23,53,18,097,341903,3
"Block Group 4, Census Tract 3419.03, Marion County, Indiana",111,3,14,3,1,18,097,341903,4
"Block Group 1, Census Tract 3419.04, Marion County, Indiana",1087,10,20,14,58,18,097,341904,1
"Block Group 1, Census Tract 3420, Marion County, Indiana",593,0,14,0,35,18,097,342000,1
"Block Group 2, Census Tract 3420, Marion County, Indiana",2243,2,15,22,118,18,097,342000,2
"Block Group 1, Census Tract 3421.01, Marion County, Indiana",1740,9,20,33,82,18,097,342101,1
"Block Group 2, Census Tract 3421.01, Marion County, Indiana",856,3,16,18,36,18,097,342101,2
"Block Group 1, Census Tract 3422, Marion County, Indiana",470,4,17,17,17,18,097,342200,1
"Block Group 2, Census Tract 3422, Marion County, Indiana",1142,4,17,35,70,18,097,342200,2
"Block Group 3, Census Tract 3422, Marion County, Indiana",1091,8,19,36,48,18,097,342200,3
"Block Group 1, Census Tract 3423, Marion County, Indiana",1173,9,20,15,59,18,097,342300,1
"Block Group 2, Census Tract 3423, Marion County, Indiana",862,6,18,8,51,18,097,342300,2
"Block Group 3, Census Tract 3423, Marion County, Indiana",1280,9,20,43,70,18,097,342300,3
"Block Group 1, Census Tract 3424, Marion County, Indiana",692,4,17,15,44,18,097,342400,1
"Block Group 1, Census Tract 3425, Marion County, Indiana",282,5,17,9,12,18,097,342500,1
"Block Group 2, Census Tract 3425, Marion County, Indiana",339,6,18,10,19,18,097,342500,2
"Block Group 3, Census Tract 3425, Marion County, Indiana",333,4,17,4,22,18,097,342500,3
"Block Group 4, Census Tract 3425, Marion County, Indiana",0,0,14,0,0,18,097,342500,4
"Block Group 5, Census Tract 3425, Marion County, Indiana",612,0,14,24,37,18,097,342500,5
"Block Group 1, Census Tract 3426, Marion County, Indiana",236,2,15,6,4,18,097,342600,1
"Block Group 2, Census Tract 3426, Marion County, Indiana",331,0,14,0,19,18,097,342600,2
"Block Group 3, Census Tract 3426, Marion County, Indiana",436,2,15,11,19,18,097,342600,3
"Block Group 4, Census Tract 3426, Marion County, Indiana",308,3,16,3,19,18,097,342600,4
"Block Group 5, Census Tract 3426, Marion County, Indiana",297,9,20,9,12,18,097,342600,5
"Block Group 1, Census Tract 3501, Marion County, Indiana",467,11,21,12,26,18,097,350100,1
"Block Group 2, Census Tract 3501, Marion County, Indiana",207,3,16,0,10,18,097,350100,2
"Block Group 1, Census Tract 3503, Marion County, Indiana",459,0,14,8,20,18,097,350300,1
"Block Group 2, Census Tract 3503, Marion County, Indiana",433,9,20,10,17,18,097,350300,2
"Block Group 3, Census Tract 3503, Marion County, Indiana",308,0,14,10,11,18,097,350300,3
"Block Group 1, Census Tract 3504, Marion County, Indiana",453,4,17,9,12,18,097,350400,1
"Block Group 2, Census Tract 3504, Marion County, Indiana",238,1,14,6,16,18,097,350400,2
"Block Group 1, Census Tract 3505, Marion County, Indiana",167,0,14,0,8,18,097,350500,1
"Block Group 2, Census Tract 3505, Marion County, Indiana",609,0,14,0,38,18,097,350500,2
"Block Group 3, Census Tract 3505, Marion County, Indiana",409,4,17,2,18,18,097,350500,3
"Block Group 1, Census Tract 3506, Marion County, Indiana",238,0,14,0,18,18,097,350600,1
"Block Group 2, Census Tract 3506, Marion County, Indiana",614,4,17,19,44,18,097,350600,2
"Block Group 3, Census Tract 3506, Marion County, Indiana",690,4,17,9,57,18,097,350600,3
"Block Group 4, Census Tract 3506, Marion County, Indiana",347,0,14,8,12,18,097,350600,4
"Block Group 5, Census Tract 3506, Marion County, Indiana",274,1,14,7,10,18,097,350600,5
"Block Group 1, Census Tract 3507, Marion County, Indiana",424,3,16,2,22,18,097,350700,1
"Block Group 2, Census Tract 3507, Marion County, Indiana",287,1,14,3,18,18,097,350700,2
"Block Group 1, Census Tract 3508, Marion County, Indiana",472,0,14,17,27,18,097,350800,1
"Block Group 2, Census Tract 3508, Marion County, Indiana",398,0,14,0,20,18,097,350800,2
"Block Group 1, Census Tract 3509, Marion County, Indiana",294,11,21,10,19,18,097,350900,1
"Block Group 2, Census Tract 3509, Marion County, Indiana",325,3,16,0,17,18,097,350900,2
"Block Group 1, Census Tract 3510, Marion County, Indiana",406,0,14,0,19,18,097,351000,1
"Block Group 2, Census Tract 3510, Marion County, Indiana",304,0,14,9,8,18,097,351000,2
"Block Group 3, Census Tract 3510, Marion County, Indiana",291,2,15,7,8,18,097,351000,3
"Block Group 1, Census Tract 3512, Marion County, Indiana",422,0,14,16,24,18,097,351200,1
"Block Group 2, Census Tract 3512, Marion County, Indiana",733,0,14,25,41,18,097,351200,2
"Block Group 1, Census Tract 3515, Marion County, Indiana",333,1,14,3,19,18,097,351500,1
"Block Group 2, Census Tract 3515, Marion County, Indiana",360,9,20,13,22,18,097,351500,2
"Block Group 3, Census Tract 3515, Marion County, Indiana",163,2,15,10,3,18,097,351500,3
"Block Group 1, Census Tract 3516, Marion County, Indiana",835,3,16,24,40,18,097,351600,1
"Block Group 2, Census Tract 3516, Marion County, Indiana",282,1,14,11,29,18,097,351600,2
"Block Group 1, Census Tract 3517, Marion County, Indiana",287,5,17,16,34,18,097,351700,1
"Block Group 2, Census Tract 3517, Marion County, Indiana",382,6,18,9,22,18,097,351700,2
"Block Group 3, Census Tract 3517, Marion County, Indiana",311,3,16,9,18,18,097,351700,3
"Block Group 1, Census Tract 3519, Marion County, Indiana",343,0,14,2,18,18,097,351900,1
"Block Group 2, Census Tract 3519, Marion County, Indiana",334,11,21,13,25,18,097,351900,2
"Block Group 3, Census Tract 3519, Marion County, Indiana",596,5,17,5,30,18,097,351900,3
"Block Group 1, Census Tract 3521, Marion County, Indiana",230,3,16,2,21,18,097,352100,1
"Block Group 2, Census Tract 3521, Marion County, Indiana",446,4,17,18,15,18,097,352100,2
"Block Group 3, Census Tract 3521, Marion County, Indiana",257,1,14,3,18,18,097,352100,3
"Block Group 1, Census Tract 3523, Marion County, Indiana",320,1,14,8,23,18,097,352300,1
"Block Group 2, Census Tract 3523, Marion County, Indiana",280,1,14,4,0,18,097,352300,2
"Block Group 1, Census Tract 3524, Marion County, Indiana",426,2,15,9,13,18,097,352400,1
"Block Group 2, Census Tract 3524, Marion County, Indiana",866,5,17,14,53,18,097,352400,2
"Block Group 3, Census Tract 3524, Marion County, Indiana",136,0,14,1,10,18,097,352400,3
"Block Group 1, Census Tract 3525, Marion County, Indiana",196,2,15,11,5,18,097,352500,1
"Block Group 2, Census Tract 3525, Marion County, Indiana",592,8,19,13,38,18,097,352500,2
"Block Group 3, Census Tract 3525, Marion County, Indiana",190,0,14,5,9,18,097,352500,3
"Block Group 4, Census Tract 3525, Marion County, Indiana",239,3,16,0,17,18,097,352500,4
"Block Group 1, Census Tract 3526, Marion County, Indiana",365,3,16,3,17,18,097,352600,1
"Block Group 2, Census Tract 3526, Marion County, Indiana",392,7,19,4,16,18,097,352600,2
"Block Group 3, Census Tract 3526, Marion County, Indiana",260,0,14,2,12,18,097,352600,3
"Block Group 4, Census Tract 3526, Marion County, Indiana",415,2,15,5,34,18,097,352600,4
"Block Group 5, Census Tract 3526, Marion County, Indiana",94,0,14,0,11,18,097,352600,5
"Block Group 1, Census Tract 3527, Marion County, Indiana",549,12,21,17,18,18,097,352700,1
"Block Group 2, Census Tract 3527, Marion County, Indiana",742,0,14,29,41,18,097,352700,2
"Block Group 1, Census Tract 3528, Marion County, Indiana",478,10,20,3,20,18,097,352800,1
"Block Group 1, Census Tract 3533, Marion County, Indiana",314,13,22,11,13,18,097,353300,1
"Block Group 2, Census Tract 3533, Marion County, Indiana",327,10,20,11,27,18,097,353300,2
"Block Group 3, Census Tract 3533, Marion County, Indiana",394,8,19,2,21,18,097,353300,3
"Block Group 1, Census Tract 3535, Marion County, Indiana",771,0,14,44,49,18,097,353500,1
"Block Group 2, Census Tract 3535, Marion County, Indiana",532,1,14,14,29,18,097,353500,2
"Block Group 1, Census Tract 3536, Marion County, Indiana",316,6,18,10,24,18,097,353600,1
"Block Group 2, Census Tract 3536, Marion County, Indiana",187,1,14,6,0,18,097,353600,2
"Block Group 3, Census Tract 3536, Marion County, Indiana",275,2,15,8,20,18,097,353600,3
"Block Group 4, Census Tract 3536, Marion County, Indiana",706,17,23,20,40,18,097,353600,4
"Block Group 1, Census Tract 3542, Marion County, Indiana",486,0,14,10,24,18,097,354200,1
"Block Group 2, Census Tract 3542, Marion County, Indiana",782,13,22,32,38,18,097,354200,2
"Block Group 3, Census Tract 3542, Marion County, Indiana",1835,22,25,53,100,18,097,354200,3
"Block Group 1, Census Tract 3544, Marion County, Indiana",0,0,14,0,0,18,097,354400,1
"Block Group 1, Census Tract 3545, Marion County, Indiana",262,7,19,6,19,18,097,354500,1
"Block Group 2, Census Tract 3545, Marion County, Indiana",673,11,21,22,32,18,097,354500,2
"Block Group 1, Census Tract 3547, Marion County, Indiana",430,1,14,11,34,18,097,354700,1
"Block Group 2, Census Tract 3547, Marion County, Indiana",243,6,18,9,15,18,097,354700,2
"Block Group 1, Census Tract 3548, Marion County, Indiana",267,1,14,11,22,18,097,354800,1
"Block Group 2, Census Tract 3548, Marion County, Indiana",150,2,15,1,10,18,097,354800,2
"Block Group 3, Census Tract 3548, Marion County, Indiana",191,-666666666,-666666666,8,13,18,097,354800,3
"Block Group 1, Census Tract 3549, Marion County, Indiana",467,1,14,0,26,18,097,354900,1
"Block Group 2, Census Tract 3549, Marion County, Indiana",804,0,14,21,37,18,097,354900,2
"Block Group 2, Census Tract 3550, Marion County, Indiana",359,2,15,0,24,18,097,355000,2
"Block Group 3, Census Tract 3550, Marion County, Indiana",339,4,17,13,14,18,097,355000,3
"Block Group 1, Census Tract 3551, Marion County, Indiana",305,2,15,3,10,18,097,355100,1
"Block Group 2, Census Tract 3551, Marion County, Indiana",233,3,16,0,15,18,097,355100,2
"Block Group 3, Census Tract 3551, Marion County, Indiana",248,8,19,10,13,18,097,355100,3
"Block Group 1, Census Tract 3553, Marion County, Indiana",637,14,22,21,41,18,097,355300,1
"Block Group 2, Census Tract 3553, Marion County, Indiana",531,7,19,15,33,18,097,355300,2
"Block Group 1, Census Tract 3554, Marion County, Indiana",420,5,17,15,21,18,097,355400,1
"Block Group 2, Census Tract 3554, Marion County, Indiana",368,0,14,6,17,18,097,355400,2
"Block Group 3, Census Tract 3554, Marion County, Indiana",479,2,15,1,29,18,097,355400,3
"Block Group 1, Census Tract 3555, Marion County, Indiana",0,0,14,0,0,18,097,355500,1
"Block Group 2, Census Tract 3555, Marion County, Indiana",668,1,14,15,39,18,097,355500,2
"Block Group 3, Census Tract 3555, Marion County, Indiana",548,8,19,7,37,18,097,355500,3
"Block Group 1, Census Tract 3556, Marion County, Indiana",1006,1,14,10,56,18,097,355600,1
"Block Group 1, Census Tract 3557, Marion County, Indiana",329,6,18,0,14,18,097,355700,1
"Block Group 2, Census Tract 3557, Marion County, Indiana",187,4,17,5,17,18,097,355700,2
"Block Group 3, Census Tract 3557, Marion County, Indiana",366,4,17,7,20,18,097,355700,3
"Block Group 1, Census Tract 3559, Marion County, Indiana",334,3,16,14,17,18,097,355900,1
"Block Group 2, Census Tract 3559, Marion County, Indiana",163,1,14,5,10,18,097,355900,2
"Block Group 4, Census Tract 3559, Marion County, Indiana",158,3,16,0,3,18,097,355900,4
"Block Group 1, Census Tract 3562, Marion County, Indiana",458,18,24,22,21,18,097,356200,1
"Block Group 2, Census Tract 3562, Marion County, Indiana",1405,15,23,30,67,18,097,356200,2
"Block Group 1, Census Tract 3564, Marion County, Indiana",787,17,23,26,36,18,097,356400,1
"Block Group 2, Census Tract 3564, Marion County, Indiana",593,0,14,13,26,18,097,356400,2
"Block Group 3, Census Tract 3564, Marion County, Indiana",321,5,17,9,13,18,097,356400,3
"Block Group 1, Census Tract 3569, Marion County, Indiana",392,8,19,15,33,18,097,356900,1
"Block Group 2, Census Tract 3569, Marion County, Indiana",263,2,15,1,8,18,097,356900,2
"Block Group 3, Census Tract 3569, Marion County, Indiana",298,2,15,1,10,18,097,356900,3
"Block Group 4, Census Tract 3569, Marion County, Indiana",164,6,18,1,13,18,097,356900,4
"Block Group 1, Census Tract 3570, Marion County, Indiana",192,0,14,0,0,18,097,357000,1
"Block Group 2, Census Tract 3570, Marion County, Indiana",457,1,14,0,21,18,097,357000,2
"Block Group 3, Census Tract 3570, Marion County, Indiana",318,0,14,6,14,18,097,357000,3
"Block Group 4, Census Tract 3570, Marion County, Indiana",120,1,14,0,6,18,097,357000,4
"Block Group 1, Census Tract 3571, Marion County, Indiana",185,1,14,0,8,18,097,357100,1
"Block Group 2, Census Tract 3571, Marion County, Indiana",179,0,14,13,13,18,097,357100,2
"Block Group 3, Census Tract 3571, Marion County, Indiana",169,2,15,0,11,18,097,357100,3
"Block Group 4, Census Tract 3571, Marion County, Indiana",431,11,21,19,30,18,097,357100,4
"Block Group 1, Census Tract 3572, Marion County, Indiana",280,4,17,10,11,18,097,357200,1
"Block Group 2, Census Tract 3572, Marion County, Indiana",174,5,17,3,9,18,097,357200,2
"Block Group 3, Census Tract 3572, Marion County, Indiana",315,2,15,0,30,18,097,357200,3
"Block Group 4, Census Tract 3572, Marion County, Indiana",395,3,16,11,21,18,097,357200,4
"Block Group 1, Census Tract 3573, Marion County, Indiana",501,4,17,9,26,18,097,357300,1
"Block Group 2, Census Tract 3573, Marion County, Indiana",361,0,14,0,11,18,097,357300,2
"Block Group 1, Census Tract 3574, Marion County, Indiana",263,3,16,6,12,18,097,357400,1
"Block Group 2, Census Tract 3574, Marion County, Indiana",615,0,14,0,12,18,097,357400,2
"Block Group 3, Census Tract 3574, Marion County, Indiana",572,0,14,15,45,18,097,357400,3
"Block Group 4, Census Tract 3574, Marion County, Indiana",630,0,14,4,44,18,097,357400,4
"Block Group 1, Census Tract 3575, Marion County, Indiana",631,9,20,19,34,18,097,357500,1
"Block Group 2, Census Tract 3575, Marion County, Indiana",492,6,18,2,34,18,097,357500,2
"Block Group 3, Census Tract 3575, Marion County, Indiana",414,13,22,21,24,18,097,357500,3
"Block Group 4, Census Tract 3575, Marion County, Indiana",197,2,15,0,6,18,097,357500,4
"Block Group 1, Census Tract 3576, Marion County, Indiana",648,4,17,28,32,18,097,357600,1
"Block Group 2, Census Tract 3576, Marion County, Indiana",769,9,20,12,49,18,097,357600,2
"Block Group 3, Census Tract 3576, Marion County, Indiana",467,14,22,14,28,18,097,357600,3
"Block Group 4, Census Tract 3576, Marion County, Indiana",1037,1,14,10,60,18,097,357600,4
"Block Group 1, Census Tract 3578, Marion County, Indiana",285,2,15,7,25,18,097,357800,1
"Block Group 2, Census Tract 3578, Marion County, Indiana",569,9,20,26,16,18,097,357800,2
"Block Group 1, Census Tract 3579, Marion County, Indiana",424,9,20,3,29,18,097,357900,1
"Block Group 2, Census Tract 3579, Marion County, Indiana",391,-666666666,-666666666,11,18,18,097,357900,2
"Block Group 3, Census Tract 3579, Marion County, Indiana",625,13,22,32,39,18,097,357900,3
"Block Group 1, Census Tract 3580, Marion County, Indiana",260,1,14,0,13,18,097,358000,1
"Block Group 2, Census Tract 3580, Marion County, Indiana",400,4,17,10,21,18,097,358000,2
"Block Group 1, Census Tract 3581, Marion County, Indiana",730,4,17,9,54,18,097,358100,1
"Block Group 2, Census Tract 3581, Marion County, Indiana",276,1,14,1,22,18,097,358100,2
"Block Group 3, Census Tract 3581, Marion County, Indiana",295,5,17,6,27,18,097,358100,3
"Block Group 1, Census Tract 3601.01, Marion County, Indiana",746,6,18,12,38,18,097,360101,1
"Block Group 2, Census Tract 3601.01, Marion County, Indiana",418,3,16,4,18,18,097,360101,2
"Block Group 1, Census Tract 3601.02, Marion County, Indiana",506,1,14,10,29,18,097,360102,1
"Block Group 2, Census Tract 3601.02, Marion County, Indiana",479,7,19,19,31,18,097,360102,2
"Block Group 1, Census Tract 3602.01, Marion County, Indiana",698,0,14,18,36,18,097,360201,1
"Block Group 2, Census Tract 3602.01, Marion County, Indiana",390,9,20,0,18,18,097,360201,2
"Block Group 3, Census Tract 3602.01, Marion County, Indiana",370,3,16,0,24,18,097,360201,3
"Block Group 1, Census Tract 3602.02, Marion County, Indiana",1180,4,17,22,66,18,097,360202,1
"Block Group 2, Census Tract 3602.02, Marion County, Indiana",365,0,14,11,24,18,097,360202,2
"Block Group 1, Census Tract 3603.01, Marion County, Indiana",1283,0,14,0,72,18,097,360301,1
"Block Group 2, Census Tract 3603.01, Marion County, Indiana",287,2,15,6,9,18,097,360301,2
"Block Group 3, Census Tract 3603.01, Marion County, Indiana",141,3,13,9,1,18,097,360301,3
"Block Group 1, Census Tract 3603.02, Marion County, Indiana",467,5,17,6,19,18,097,360302,1
"Block Group 2, Census Tract 3603.02, Marion County, Indiana",687,9,20,17,48,18,097,360302,2
"Block Group 1, Census Tract 3604.01, Marion County, Indiana",431,2,15,3,29,18,097,360401,1
"Block Group 2, Census Tract 3604.01, Marion County, Indiana",972,16,23,38,46,18,097,360401,2
"Block Group 3, Census Tract 3604.01, Marion County, Indiana",1368,3,16,4,71,18,097,360401,3
"Block Group 1, Census Tract 3604.02, Marion County, Indiana",807,0,14,22,47,18,097,360402,1
"Block Group 1, Census Tract 3604.04, Marion County, Indiana",800,2,15,3,40,18,097,360404,1
"Block Group 2, Census Tract 3604.04, Marion County, Indiana",1839,0,14,4,103,18,097,360404,2
"Block Group 3, Census Tract 3604.04, Marion County, Indiana",1029,3,16,9,54,18,097,360404,3
"Block Group 1, Census Tract 3604.05, Marion County, Indiana",1109,2,15,0,51,18,097,360405,1
"Block Group 2, Census Tract 3604.05, Marion County, Indiana",1417,1,14,1,83,18,097,360405,2
"Block Group 1, Census Tract 3605.01, Marion County, Indiana",586,0,14,1,40,18,097,360501,1
"Block Group 2, Census Tract 3605.01, Marion County, Indiana",893,0,14,0,56,18,097,360501,2
"Block Group 3, Census Tract 3605.01, Marion County, Indiana",997,19,24,46,55,18,097,360501,3
"Block Group 1, Census Tract 3605.02, Marion County, Indiana",1013,13,22,15,47,18,097,360502,1
"Block Group 2, Census Tract 3605.02, Marion County, Indiana",1513,29,27,18,90,18,097,360502,2
"Block Group 3, Census Tract 3605.02, Marion County, Indiana",329,5,17,20,7,18,097,360502,3
"Block Group 1, Census Tract 3606.01, Marion County, Indiana",759,24,26,27,34,18,097,360601,1
"Block Group 2, Census Tract 3606.01, Marion County, Indiana",554,5,17,3,19,18,097,360601,2
"Block Group 3, Census Tract 3606.01, Marion County, Indiana",294,0,14,16,19,18,097,360601,3
"Block Group 4, Census Tract 3606.01, Marion County, Indiana",354,2,15,8,37,18,097,360601,4
"Block Group 1, Census Tract 3606.02, Marion County, Indiana",542,1,14,12,31,18,097,360602,1
"Block Group 2, Census Tract 3606.02, Marion County, Indiana",959,7,19,19,48,18,097,360602,2
"Block Group 3, Census Tract 3606.02, Marion County, Indiana",0,0,14,0,0,18,097,360602,3
"Block Group 4, Census Tract 3606.02, Marion County, Indiana",322,0,14,4,8,18,097,360602,4
"Block Group 1, Census Tract 3607, Marion County, Indiana",252,6,18,14,12,18,097,360700,1
"Block Group 2, Census Tract 3607, Marion County, Indiana",551,3,16,11,18,18,097,360700,2
"Block Group 1, Census Tract 3608, Marion County, Indiana",253,9,20,5,7,18,097,360800,1
"Block Group 2, Census Tract 3608, Marion County, Indiana",932,28,27,36,54,18,097,360800,2
"Block Group 1, Census Tract 3609, Marion County, Indiana",523,7,19,17,33,18,097,360900,1
"Block Group 2, Census Tract 3609, Marion County, Indiana",0,0,14,0,0,18,097,360900,2
"Block Group 3, Census Tract 3609, Marion County, Indiana",258,9,20,5,5,18,097,360900,3
"Block Group 4, Census Tract 3609, Marion County, Indiana",228,3,16,5,12,18,097,360900,4
"Block Group 5, Census Tract 3609, Marion County, Indiana",345,5,17,13,26,18,097,360900,5
"Block Group 1, Census Tract 3610, Marion County, Indiana",477,0,14,13,16,18,097,361000,1
"Block Group 2, Census Tract 3610, Marion County, Indiana",474,13,22,19,25,18,097,361000,2
"Block Group 1, Census Tract 3611, Marion County, Indiana",489,9,20,22,21,18,097,361100,1
"Block Group 2, Census Tract 3611, Marion County, Indiana",411,3,16,9,23,18,097,361100,2
"Block Group 3, Census Tract 3611, Marion County, Indiana",337,1,14,3,13,18,097,361100,3
"Block Group 4, Census Tract 3611, Marion County, Indiana",413,5,17,14,24,18,097,361100,4
"Block Group 1, Census Tract 3612, Marion County, Indiana",177,1,14,4,22,18,097,361200,1
"Block Group 2, Census Tract 3612, Marion County, Indiana",266,2,15,7,15,18,097,361200,2
"Block Group 3, Census Tract 3612, Marion County, Indiana",1267,0,14,28,70,18,097,361200,3
"Block Group 1, Census Tract 3613, Marion County, Indiana",383,4,17,6,26,18,097,361300,1
"Block Group 2, Census Tract 3613, Marion County, Indiana",322,4,17,12,22,18,097,361300,2
"Block Group 3, Census Tract 3613, Marion County, Indiana",443,6,18,8,21,18,097,361300,3
"Block Group 1, Census Tract 3614, Marion County, Indiana",509,0,14,0,27,18,097,361400,1
"Block Group 2, Census Tract 3614, Marion County, Indiana",1432,4,17,3,82,18,097,361400,2
"Block Group 3, Census Tract 3614, Marion County, Indiana",2052,1,14,1,109,18,097,361400,3
"Block Group 4, Census Tract 3614, Marion County, Indiana",579,0,14,0,40,18,097,361400,4
"Block Group 5, Census Tract 3614, Marion County, Indiana",1086,0,14,17,62,18,097,361400,5
"Block Group 1, Census Tract 3616, Marion County, Indiana",2125,1,14,30,114,18,097,361600,1
"Block Group 2, Census Tract 3616, Marion County, Indiana",1443,0,14,2,71,18,097,361600,2
"Block Group 1, Census Tract 3702.01, Marion County, Indiana",339,4,17,5,23,18,097,370201,1
"Block Group 2, Census Tract 3702.01, Marion County, Indiana",389,0,14,0,17,18,097,370201,2
"Block Group 3, Census Tract 3702.01, Marion County, Indiana",107,0,14,0,0,18,097,370201,3
"Block Group 4, Census Tract 3702.01, Marion County, Indiana",1135,12,21,22,61,18,097,370201,4
"Block Group 1, Census Tract 3702.02, Marion County, Indiana",344,2,15,0,14,18,097,370202,1
"Block Group 2, Census Tract 3702.02, Marion County, Indiana",437,2,15,7,32,18,097,370202,2
"Block Group 3, Census Tract 3702.02, Marion County, Indiana",829,0,14,0,48,18,097,370202,3
"Block Group 4, Census Tract 3702.02, Marion County, Indiana",1304,35,29,37,74,18,097,370202,4
"Block Group 1, Census Tract 3703.01, Marion County, Indiana",3877,3,16,17,212,18,097,370301,1
"Block Group 2, Census Tract 3703.01, Marion County, Indiana",0,0,14,0,0,18,097,370301,2
"Block Group 1, Census Tract 3703.02, Marion County, Indiana",1303,0,14,19,66,18,097,370302,1
"Block Group 2, Census Tract 3703.02, Marion County, Indiana",1318,0,14,0,72,18,097,370302,2
"Block Group 3, Census Tract 3703.02, Marion County, Indiana",1040,0,14,0,53,18,097,370302,3
"Block Group 1, Census Tract 3801, Marion County, Indiana",1604,5,17,20,81,18,097,380100,1
"Block Group 2, Census Tract 3801, Marion County, Indiana",1173,0,14,0,66,18,097,380100,2
"Block Group 3, Census Tract 3801, Marion County, Indiana",5175,4,17,36,289,18,097,380100,3
"Block Group 1, Census Tract 3802, Marion County, Indiana",482,5,17,16,43,18,097,380200,1
"Block Group 2, Census Tract 3802, Marion County, Indiana",489,0,14,2,28,18,097,380200,2
"Block Group 3, Census Tract 3802, Marion County, Indiana",584,0,14,9,31,18,097,380200,3
"Block Group 1, Census Tract 3803, Marion County, Indiana",329,7,19,4,20,18,097,380300,1
"Block Group 2, Census Tract 3803, Marion County, Indiana",531,1,14,11,39,18,097,380300,2
"Block Group 3, Census Tract 3803, Marion County, Indiana",492,3,16,0,37,18,097,380300,3
"Block Group 4, Census Tract 3803, Marion County, Indiana",352,3,16,11,25,18,097,380300,4
"Block Group 5, Census Tract 3803, Marion County, Indiana",670,7,19,10,30,18,097,380300,5
"Block Group 1, Census Tract 3804.02, Marion County, Indiana",835,2,15,5,34,18,097,380402,1
"Block Group 2, Census Tract 3804.02, Marion County, Indiana",529,5,17,25,28,18,097,380402,2
"Block Group 3, Census Tract 3804.02, Marion County, Indiana",957,4,17,9,48,18,097,380402,3
"Block Group 1, Census Tract 3804.03, Marion County, Indiana",672,0,14,10,43,18,097,380403,1
"Block Group 2, Census Tract 3804.03, Marion County, Indiana",584,0,14,0,38,18,097,380403,2
"Block Group 3, Census Tract 3804.03, Marion County, Indiana",364,10,20,19,13,18,097,380403,3
"Block Group 4, Census Tract 3804.03, Marion County, Indiana",183,0,14,0,5,18,097,380403,4
"Block Group 1, Census Tract 3804.04, Marion County, Indiana",469,6,18,9,23,18,097,380404,1
"Block Group 2, Census Tract 3804.04, Marion County, Indiana",389,7,19,14,25,18,097,380404,2
"Block Group 3, Census Tract 3804.04, Marion County, Indiana",777,0,14,0,42,18,097,380404,3
"Block Group 1, Census Tract 3805.01, Marion County, Indiana",558,0,14,0,28,18,097,380501,1
"Block Group 2, Census Tract 3805.01, Marion County, Indiana",598,0,14,9,31,18,097,380501,2
"Block Group 1, Census Tract 3805.02, Marion County, Indiana",503,0,14,0,22,18,097,380502,1
"Block Group 2, Census Tract 3805.02, Marion County, Indiana",555,7,19,8,36,18,097,380502,2
"Block Group 3, Census Tract 3805.02, Marion County, Indiana",546,4,17,8,31,18,097,380502,3
"Block Group 1, Census Tract 3806, Marion County, Indiana",977,10,20,33,61,18,097,380600,1
"Block Group 2, Census Tract 3806, Marion County, Indiana",537,0,14,3,21,18,097,380600,2
"Block Group 3, Census Tract 3806, Marion County, Indiana",899,7,19,27,58,18,097,380600,3
"Block Group 1, Census Tract 3807, Marion County, Indiana",1100,22,25,40,59,18,097,380700,1
"Block Group 2, Census Tract 3807, Marion County, Indiana",398,4,17,12,27,18,097,380700,2
"Block Group 3, Census Tract 3807, Marion County, Indiana",897,0,14,0,46,18,097,380700,3
"Block Group 1, Census Tract 3808, Marion County, Indiana",558,0,14,0,35,18,097,380800,1
"Block Group 2, Census Tract 3808, Marion County, Indiana",295,0,14,9,17,18,097,380800,2
"Block Group 3, Census Tract 3808, Marion County, Indiana",439,6,18,9,18,18,097,380800,3
"Block Group 1, Census Tract 3809.01, Marion County, Indiana",681,0,14,4,23,18,097,380901,1
"Block Group 2, Census Tract 3809.01, Marion County, Indiana",531,0,14,3,28,18,097,380901,2
"Block Group 3, Census Tract 3809.01, Marion County, Indiana",1029,0,14,0,55,18,097,380901,3
"Block Group 1, Census Tract 3809.02, Marion County, Indiana",503,4,17,8,33,18,097,380902,1
"Block Group 2, Census Tract 3809.02, Marion County, Indiana",898,0,14,10,45,18,097,380902,2
"Block Group 3, Census Tract 3809.02, Marion County, Indiana",1347,1,14,0,77,18,097,380902,3
"Block Group 1, Census Tract 3810.01, Marion County, Indiana",724,6,18,37,30,18,097,381001,1
"Block Group 2, Census Tract 3810.01, Marion County, Indiana",0,0,14,0,0,18,097,381001,2
"Block Group 3, Census Tract 3810.01, Marion County, Indiana",940,4,17,15,53,18,097,381001,3
"Block Group 4, Census Tract 3810.01, Marion County, Indiana",508,4,17,13,29,18,097,381001,4
"Block Group 1, Census Tract 3810.02, Marion County, Indiana",700,0,14,7,31,18,097,381002,1
"Block Group 2, Census Tract 3810.02, Marion County, Indiana",399,5,17,8,16,18,097,381002,2
"Block Group 3, Census Tract 3810.02, Marion County, Indiana",474,6,18,16,19,18,097,381002,3
"Block Group 1, Census Tract 3811.01, Marion County, Indiana",1322,8,19,29,65,18,097,381101,1
"Block Group 2, Census Tract 3811.01, Marion County, Indiana",1265,0,14,17,69,18,097,381101,2
"Block Group 1, Census Tract 3811.02, Marion County, Indiana",669,4,17,5,39,18,097,381102,1
"Block Group 2, Census Tract 3811.02, Marion County, Indiana",813,4,17,12,40,18,097,381102,2
"Block Group 3, Census Tract 3811.02, Marion County, Indiana",954,0,14,0,50,18,097,381102,3
"Block Group 1, Census Tract 3812.01, Marion County, Indiana",832,0,14,5,44,18,097,381201,1
"Block Group 2, Census Tract 3812.01, Marion County, Indiana",737,4,17,11,37,18,097,381201,2
"Block Group 3, Census Tract 3812.01, Marion County, Indiana",602,2,15,20,34,18,097,381201,3
"Block Group 4, Census Tract 3812.01, Marion County, Indiana",1099,1,14,1,59,18,097,381201,4
"Block Group 1, Census Tract 3812.03, Marion County, Indiana",689,8,19,24,33,18,097,381203,1
"Block Group 2, Census Tract 3812.03, Marion County, Indiana",655,17,23,37,32,18,097,381203,2
"Block Group 1, Census Tract 3812.04, Marion County, Indiana",367,4,17,14,24,18,097,381204,1
"Block Group 2, Census Tract 3812.04, Marion County, Indiana",609,6,18,20,38,18,097,381204,2
"Block Group 3, Census Tract 3812.04, Marion County, Indiana",405,5,17,13,13,18,097,381204,3
"Block Group 1, Census Tract 3812.05, Marion County, Indiana",1435,10,20,40,80,18,097,381205,1
"Block Group 2, Census Tract 3812.05, Marion County, Indiana",1485,0,14,0,69,18,097,381205,2
"Block Group 1, Census Tract 3901.01, Marion County, Indiana",1948,0,14,2,99,18,097,390101,1
"Block Group 2, Census Tract 3901.01, Marion County, Indiana",1097,1,14,15,39,18,097,390101,2
"Block Group 3, Census Tract 3901.01, Marion County, Indiana",927,0,14,0,41,18,097,390101,3
"Block Group 1, Census Tract 3901.02, Marion County, Indiana",0,0,14,0,0,18,097,390102,1
"Block Group 2, Census Tract 3901.02, Marion County, Indiana",1732,6,18,28,100,18,097,390102,2
"Block Group 1, Census Tract 3902, Marion County, Indiana",1115,6,18,7,60,18,097,390200,1
"Block Group 2, Census Tract 3902, Marion County, Indiana",639,0,14,0,31,18,097,390200,2
"Block Group 1, Census Tract 3903, Marion County, Indiana",513,0,14,0,34,18,097,390300,1
"Block Group 2, Census Tract 3903, Marion County, Indiana",315,0,14,0,15,18,097,390300,2
"Block Group 3, Census Tract 3903, Marion County, Indiana",2093,1,14,0,123,18,097,390300,3
"Block Group 1, Census Tract 3904.02, Marion County, Indiana",2991,9,20,52,157,18,097,390402,1
"Block Group 2, Census Tract 3904.02, Marion County, Indiana",1016,0,14,4,45,18,097,390402,2
"Block Group 3, Census Tract 3904.02, Marion County, Indiana",2116,0,14,0,112,18,097,390402,3
"Block Group 1, Census Tract 3904.03, Marion County, Indiana",2784,2,15,10,159,18,097,390403,1
"Block Group 2, Census Tract 3904.03, Marion County, Indiana",2010,13,22,22,109,18,097,390403,2
"Block Group 1, Census Tract 3904.04, Marion County, Indiana",1162,-666666666,-666666666,15,63,18,097,390404,1
"Block Group 2, Census Tract 3904.04, Marion County, Indiana",954,0,14,3,61,18,097,390404,2
"Block Group 3, Census Tract 3904.04, Marion County, Indiana",728,0,14,5,30,18,097,390404,3
"Block Group 1, Census Tract 3904.05, Marion County, Indiana",802,0,14,0,55,18,097,390405,1
"Block Group 2, Census Tract 3904.05, Marion County, Indiana",987,0,14,22,59,18,097,390405,2
"Block Group 1, Census Tract 3905, Marion County, Indiana",176,1,14,0,12,18,097,390500,1
"Block Group 2, Census Tract 3905, Marion County, Indiana",859,8,19,23,52,18,097,390500,2
"Block Group 1, Census Tract 3906, Marion County, Indiana",1398,3,16,22,70,18,097,390600,1
"Block Group 2, Census Tract 3906, Marion County, Indiana",1263,0,14,0,71,18,097,390600,2
"Block Group 1, Census Tract 3907, Marion County, Indiana",343,0,14,7,22,18,097,390700,1
"Block Group 2, Census Tract 3907, Marion County, Indiana",539,0,14,7,39,18,097,390700,2
"Block Group 3, Census Tract 3907, Marion County, Indiana",385,-666666666,-666666666,14,20,18,097,390700,3
"Block Group 1, Census Tract 3908, Marion County, Indiana",1196,1,14,0,68,18,097,390800,1
"Block Group 2, Census Tract 3908, Marion County, Indiana",615,0,14,0,36,18,097,390800,2
"Block Group 1, Census Tract 3909, Marion County, Indiana",612,12,21,31,41,18,097,390900,1
"Block Group 2, Census Tract 3909, Marion County, Indiana",233,0,14,4,23,18,097,390900,2
"Block Group 3, Census Tract 3909, Marion County, Indiana",330,0,14,18,18,18,097,390900,3
"Block Group 1, Census Tract 3910, Marion County, Indiana",1452,10,20,51,88,18,097,391000,1
"Block Group 2, Census Tract 3910, Marion County, Indiana",261,4,17,3,15,18,097,391000,2
"Block Group 3, Census Tract 3910, Marion County, Indiana",1232,28,27,58,67,18,097,391000,3
