STATEFP,COUNTYFP,TRACTCE,BLKGRPCE,NatWalkInd,D2A_Ranked,D2B_Ranked,D3B_Ranked,D4A_Ranked,TotPop
18,097,310103,1,5.666667,6,14,6,1,2114
18,097,310103,2,3.666667,7,3,5,1,931
18,097,310103,3,10.166667,14,7,7,13,2088
18,097,310103,4,6.166667,9,14,6,1,2519
18,097,310104,1,14.166667,19,18,11,13,827
18,097,310104,2,9.833333,20,19,9,1,555
18,097,310104,3,10.666667,18,12,16,1,1639
18,097,310105,1,5.5,11,8,6,1,576
18,097,310105,2,14.666667,19,19,12,13,3170
18,097,310106,1,15.666667,17,13,19,13,2556
18,097,310106,2,9,8,2,9,13,1458
18,097,310108,1,6.5,10,5,11,1,1406
18,097,310108,2,4.666667,4,10,6,1,1961
18,097,310110,1,6.0,1,1,16,1,1018
18,097,310110,2,9.833333,8,3,11,13,1945
18,097,310111,1,5.666667,11,3,9,1,1817
18,097,310111,2,14,14,10,12,18,2150
18,097,310201,1,12.5,16,13,7,16,909
18,097,310201,2,9.333333,17,19,9,1,2725
18,097,310203,1,15.166667,15,16,16,14,2878
18,097,310203,2,13.666667,4,4,18,19,1821
18,097,310203,3,8.166667,17,14,8,1,1071
18,097,310204,1,7.5,17,10,8,1,2474
18,097,310204,2,16.666667,15,15,16,19,988
18,097,310204,3,12.666667,9,15,12,14,2278
18,097,310305,1,11,4,18,9,13,2451
18,097,310305,2,14.333333,13,11,13,18,1689
18,097,310305,3,4,1,3,9,1,2281
18,097,310306,1,9.833333,2,1,13,15,444
18,097,310306,2,16.833333,19,14,16,18,2543
18,097,310306,3,14,10,16,14,15,3545
18,097,310308,1,5.666667,3,9,10,1,1353
18,097,310308,2,12.5,18,9,8,16,2173
18,097,310309,1,14.166667,1,8,20,18,1132
18,097,310309,2,13.333333,9,13,16,13,2992
18,097,310310,1,8,9,7,15,1,2900
18,097,310310,2,5.5,2,3,13,1,2082
18,097,310311,1,5.666667,13,5,7,1,1614
18,097,310311,2,6,10,4,10,1,1190
18,097,310311,3,5.5,1,6,12,1,3088
18,097,310312,1,15.5,13,16,18,14,2173
18,097,310312,2,10.333333,9,3,11,14,2152
18,097,310312,3,14.166667,19,20,9,14,2096
18,097,320105,1,14.5,18,13,14,14,2000
18,097,320105,2,6.0,2,6,13,1,2283
18,097,320106,1,6.5,10,9,9,1,1152
18,097,320106,2,10.0,17,15,13,1,1004
18,097,320107,1,9,4,8,8,13,595
18,097,320107,2,13.333333,16,16,11,13,1320
18,097,320108,1,12.166667,2,3,18,16,879
18,097,320108,2,9.666667,4,2,11,15,1848
18,097,320108,3,7.166667,13,8,10,1,2654
18,097,320109,1,15,13,17,15,15,1323
18,097,320109,2,4.5,3,6,8,1,1217
18,097,320202,1,5.666667,8,6,9,1,1207
18,097,320202,2,14,18,16,12,13,2299
18,097,320202,3,15.5,19,20,11,16,1066
18,097,320203,1,8.333333,14,18,8,1,2140
18,097,320203,2,10,4,2,14,13,899
18,097,320204,1,15,17,15,16,13,3135
18,097,320204,2,8.333333,18,16,7,1,1375
18,097,320204,3,16,20,18,14,15,1408
18,097,320301,1,7.0,8,10,11,1,1263
18,097,320301,2,7.833333,14,5,13,1,1249
18,097,320301,3,12,16,10,10,13,827
18,097,320303,1,7.833333,13,6,13,1,2008
18,097,320303,2,14.166667,19,18,11,13,1432
18,097,320304,1,16.166667,19,16,16,15,1564
18,097,320304,2,11.833333,6,9,9,19,1564
18,097,320304,3,11.333333,11,9,10,14,2119
18,097,320304,4,17,20,18,17,15,1488
18,097,320400,1,9.0,20,18,7,1,1114
18,097,320400,2,10.666667,19,19,12,1,2094
18,097,320500,1,11,7,9,12,13,2136
18,097,320500,2,14.666667,19,17,11,15,1017
18,097,320600,1,11.166667,12,7,11,13,985
18,097,320600,2,16,15,17,17,15,1239
18,097,320700,1,17.5,17,12,19,19,1994
18,097,320800,1,10.333333,7,7,9,15,834
18,097,320800,2,12.5,17,8,12,13,1008
18,097,320800,3,9.833333,5,12,8,13,1219
18,097,320901,1,11,2,18,10,13,1476
18,097,320901,2,10.5,9,6,8,16,1200
18,097,320901,3,10.166667,4,9,10,14,2912
18,097,320901,4,5,2,6,10,1,950
18,097,320902,1,11,5,9,12,14,1865
18,097,320902,2,9.5,1,8,9,15,2351
18,097,320903,1,9.5,4,1,13,13,2277
18,097,320903,2,10.333333,15,1,10,13,1597
18,097,320903,3,3.666667,1,1,9,1,1310
18,097,321001,1,11.833333,9,10,12,14,1675
18,097,321001,2,11.166667,7,16,9,13,1208
18,097,321002,1,10,2,12,10,13,729
18,097,321002,2,7.5,12,7,12,1,2499
18,097,321002,3,3.833333,3,2,8,1,1420
18,097,321100,1,9.666667,13,3,8,13,1105
18,097,321100,2,5.333333,6,10,7,1,1115
18,097,321100,3,5.5,8,3,10,1,601
18,097,321100,4,12.833333,15,10,6,20,683
18,097,321200,1,17,20,14,18,16,1430
18,097,321200,2,12.166667,6,11,13,15,1827
18,097,321200,3,16.166667,17,20,15,15,1083
18,097,321200,4,13.166667,6,15,15,14,850
18,097,321300,1,13,13,5,16,14,1364
18,097,321300,2,15.5,17,10,16,17,1159
18,097,321400,1,8.833333,10,19,11,1,1032
18,097,321400,2,7.666667,10,12,11,1,1786
18,097,321400,3,13.666667,5,15,15,16,1022
18,097,321400,4,15.5,18,15,14,16,1719
18,097,321600,1,8.333333,8,18,11,1,3083
18,097,321600,2,12.333333,14,10,12,13,1158
18,097,321600,3,4.5,1,4,10,1,1473
18,097,321700,1,13.5,5,18,16,13,812
18,097,321700,2,10.666667,2,6,15,13,872
18,097,321700,3,15.5,19,16,16,13,1279
18,097,321700,4,17,20,20,13,18,974
18,097,321800,1,13,9,11,15,14,835
18,097,321800,2,16.833333,19,14,16,18,922
18,097,321800,3,12.833333,4,15,14,15,757
18,097,321800,4,13.833333,16,13,13,14,1119
18,097,321900,1,14.666667,9,17,11,20,1337
18,097,321900,2,14.5,6,3,20,19,2081
18,097,321900,3,14.333333,10,4,16,20,909
18,097,321900,4,15.166667,11,10,20,15,1695
18,097,322000,1,16.5,15,12,16,20,1016
18,097,322000,2,11.166667,1,4,17,14,1050
18,097,322000,3,10.5,12,5,9,14,1182
18,097,322100,1,12,6,6,12,18,918
18,097,322100,2,15.333333,10,18,15,17,1135
18,097,322100,3,12.833333,5,14,10,19,728
18,097,322200,1,11.666667,4,12,9,18,947
18,097,322200,2,11.833333,3,12,11,17,1305
18,097,322300,1,13.833333,8,9,14,19,1062
18,097,322300,2,17,12,18,18,18,737
18,097,322300,3,16.333333,12,14,17,19,751
18,097,322400,1,15.5,16,19,12,17,690
18,097,322400,2,10.333333,2,2,11,18,1495
18,097,322400,3,15.666667,11,9,18,19,872
18,097,322500,1,16,20,16,14,16,626
18,097,322500,2,12.166667,16,7,10,15,887
18,097,322600,1,13.833333,15,18,12,13,646
18,097,322600,2,15.666667,7,15,19,17,1307
18,097,322600,3,14,15,9,15,15,1328
18,097,322600,4,12.833333,18,9,9,16,522
18,097,322700,1,9.666667,4,4,9,16,805
18,097,322700,2,12.166667,6,9,13,16,441
18,097,322700,3,11,4,6,13,15,804
18,097,330103,1,8.833333,6,17,14,1,2217
18,097,330103,2,10.166667,20,17,11,1,1216
18,097,330103,3,9.333333,8,14,16,1,1540
18,097,330105,1,14.666667,12,12,13,19,2338
18,097,330105,2,16.833333,20,19,18,13,1427
18,097,330105,3,8.833333,18,13,10,1,1558
18,097,330106,1,18.333333,19,17,17,20,1280
18,097,330106,2,5.5,5,2,12,1,941
18,097,330106,3,11.333333,2,6,13,17,1772
18,097,330107,1,8.5,18,15,8,1,1682
18,097,330107,2,5.5,3,10,9,1,1355
18,097,330107,3,5.666667,5,11,8,1,1404
18,097,330107,4,5.833333,3,6,12,1,1673
18,097,330108,1,5.666667,4,6,11,1,2654
18,097,330108,2,7.5,10,19,7,1,1197
18,097,330109,1,4.666667,2,4,10,1,1836
18,097,330109,2,7.333333,8,14,10,1,1571
18,097,330109,3,8.666667,16,8,13,1,1667
18,097,330202,1,10.333333,2,12,11,13,3240
18,097,330202,2,7.333333,9,15,9,1,6603
18,097,330202,3,7.333333,1,3,7,13,1489
18,097,330203,1,6.333333,7,11,9,1,1792
18,097,330203,2,7.666667,7,19,9,1,2878
18,097,330203,3,5.833333,3,8,11,1,1295
18,097,330204,1,5.666667,3,15,7,1,2781
18,097,330204,2,6.166667,11,4,10,1,1885
18,097,330204,3,9.666667,20,14,11,1,1998
18,097,330206,1,5,3,5,10,1,3513
18,097,330206,2,4.833333,2,7,9,1,1558
18,097,330208,1,10.833333,18,15,15,1,803
18,097,330208,2,8,8,14,12,1,2052
18,097,330209,1,9.5,17,16,11,1,3905
18,097,330209,2,5,3,5,10,1,2443
18,097,330209,3,4.666667,10,2,7,1,1614
18,097,330209,4,8.166667,14,9,12,1,1164
18,097,330401,1,12.666667,15,11,9,16,2283
18,097,330401,2,5.166667,5,6,9,1,1949
18,097,330401,3,9.333333,18,18,9,1,1941
18,097,330500,1,9.666667,5,3,12,13,2415
18,097,330500,2,10.833333,5,8,13,13,2374
18,097,330500,3,9.333333,2,12,8,13,1096
18,097,330500,4,6.166667,10,5,10,1,750
18,097,330600,1,6,5,9,10,1,751
18,097,330600,2,6.833333,3,4,16,1,1264
18,097,330600,3,10.666667,2,4,14,15,688
18,097,330600,4,9.666667,17,15,12,1,3407
18,097,330700,1,6.5,9,6,11,1,1676
18,097,330700,2,8.666667,15,7,14,1,1981
18,097,330700,3,8.166667,12,13,11,1,1951
18,097,330803,1,14,4,8,17,19,1178
18,097,330803,2,12.5,4,9,15,16,1458
18,097,330803,3,12.5,2,3,18,17,1254
18,097,330804,1,12.833333,6,7,15,17,1004
18,097,330804,2,11.333333,2,14,10,16,2080
18,097,330805,1,18.833333,20,19,20,17,517
18,097,330805,2,13.5,20,15,9,14,397
18,097,330805,3,14.666667,19,13,11,17,1657
18,097,330806,1,10.5,4,13,9,14,2296
18,097,330806,2,12.5,7,12,13,15,1707
18,097,330900,1,14,5,13,18,15,1659
18,097,330900,2,13.666667,14,6,18,13,718
18,097,330900,3,10.5,5,8,9,16,1555
18,097,330900,4,10.666667,1,1,15,16,1975
18,097,331000,1,11.5,2,3,13,19,791
18,097,331000,2,12.5,4,1,17,18,486
18,097,331000,3,14.5,9,12,17,16,546
18,097,331000,4,11.666667,1,1,15,19,996
18,097,331000,5,10,2,4,10,17,1375
18,097,340101,1,10,4,2,14,13,1002
18,097,340101,2,14,19,15,10,15,1453
18,097,340101,3,12,14,8,10,15,1340
18,097,340102,1,14.5,17,8,11,20,1258
18,097,340102,2,17.833333,16,17,20,17,2375
18,097,340108,1,12.666667,2,2,19,17,438
18,097,340108,2,14.5,15,14,12,17,1937
18,097,340109,1,9.333333,2,6,10,14,1140
18,097,340110,1,5.166667,4,3,11,1,1087
18,097,340110,2,15.833333,17,10,18,16,1096
18,097,340110,3,14.5,3,8,18,20,2626
18,097,340111,1,8.5,13,10,13,1,1528
18,097,340111,2,4.833333,9,4,7,1,2473
18,097,340112,1,6.666667,7,15,8,1,935
18,097,340112,2,7.833333,13,8,12,1,2234
18,097,340112,3,8.166667,13,10,12,1,1986
18,097,340113,1,10.166667,8,5,11,13,2740
18,097,340113,2,8.5,17,10,11,1,1440
18,097,340114,1,6.833333,13,6,10,1,2633
18,097,340114,2,6.333333,6,10,10,1,1332
18,097,340201,1,12,10,12,10,15,1019
18,097,340201,2,14.5,15,12,14,16,2461
18,097,340202,1,14.666667,12,14,13,18,1445
18,097,340202,2,11.333333,2,4,14,17,697
18,097,340202,3,18.166667,19,16,19,18,2207
18,097,340300,1,15.166667,11,18,15,16,1739
18,097,340300,2,11.666667,7,5,11,18,779
18,097,340300,3,14,4,8,17,19,1964
18,097,340300,4,10.5,1,4,13,16,2486
18,097,340300,5,10.666667,1,1,16,15,1773
18,097,340400,1,16.5,19,16,16,16,1008
18,097,340400,2,10.833333,4,3,14,15,1275
18,097,340400,3,12,2,16,13,14,1498
18,097,340500,1,12.5,12,5,15,14,1250
18,097,340500,2,12,11,11,11,14,2061
18,097,340500,3,9.833333,5,4,12,13,1729
18,097,340600,1,11.333333,16,8,7,15,1777
18,097,340600,2,13.833333,12,9,16,15,661
18,097,340600,3,15.333333,9,11,18,18,1352
18,097,340600,4,13.333333,11,5,16,16,607
18,097,340600,5,13.333333,7,7,14,19,1132
18,097,340700,1,12.166667,16,7,10,15,2066
18,097,340700,2,15,15,11,14,18,715
18,097,340700,3,14,19,15,12,13,1408
18,097,340800,1,9.833333,1,6,13,13,1002
18,097,340800,2,13.333333,7,7,17,16,654
18,097,340901,1,4.333333,4,4,8,1,2474
18,097,340901,2,14.5,16,17,12,15,1271
18,097,340902,1,13,8,12,12,17,2271
18,097,340902,2,11.333333,6,2,13,17,1091
18,097,340902,3,10.166667,2,7,12,14,1765
18,097,340902,4,15.666667,18,12,18,14,1530
18,097,341000,1,10.5,8,3,9,17,635
18,097,341000,2,16.666667,12,16,17,19,1120
18,097,341100,1,12.666667,6,8,15,16,826
18,097,341100,2,17,18,14,19,16,442
18,097,341100,3,15.666667,14,14,17,16,942
18,097,341200,1,12.833333,10,3,14,18,436
18,097,341200,2,12.5,6,5,16,16,1282
18,097,341200,3,11.666667,1,1,17,17,775
18,097,341600,1,15.333333,17,7,17,17,1010
18,097,341600,2,12.833333,2,9,15,18,1048
18,097,341700,1,12.666667,4,12,14,16,1853
18,097,341700,2,12.666667,13,11,13,13,1641
18,097,341700,3,11.833333,17,2,8,18,425
18,097,341700,4,13.166667,20,17,8,13,957
18,097,341902,1,14,14,20,12,13,2742
18,097,341902,2,10,18,16,12,1,899
18,097,341903,1,11,3,1,18,13,2662
18,097,341903,2,13.5,14,9,12,17,1002
18,097,341903,3,14.5,19,14,11,16,2039
18,097,341904,1,14.666667,13,11,16,16,2388
18,097,342000,1,7.166667,17,10,7,1,1388
18,097,342000,2,7.666667,19,11,7,1,5422
18,097,342101,1,9.0,17,17,9,1,3554
18,097,342101,2,15,20,18,11,15,2128
18,097,342200,1,13,17,15,9,14,1225
18,097,342200,2,12.666667,7,19,12,13,2283
18,097,342200,3,14.833333,10,17,17,14,2230
18,097,342300,1,6.5,13,6,9,1,2454
18,097,342300,2,12,16,8,10,14,1983
18,097,342300,3,13,3,9,16,17,2344
18,097,342400,1,9.666667,8,4,6,17,1435
18,097,342500,1,14.166667,14,15,11,17,590
18,097,342500,2,13.833333,11,6,15,18,704
18,097,342500,3,13.166667,13,4,15,16,624
18,097,342500,4,14.166667,9,10,16,17,1118
18,097,342500,5,17.666667,20,18,16,18,1645
18,097,342600,1,14.5,18,7,13,18,618
18,097,342600,2,10.333333,7,1,13,14,712
18,097,342600,3,13,9,3,15,18,865
18,097,342600,4,12.333333,18,8,10,14,706
18,097,342600,5,10.666667,13,3,9,15,594
18,097,350100,1,11,4,2,10,20,911
18,097,350100,2,14.333333,18,4,15,17,385
18,097,350300,1,13,18,6,12,15,861
18,097,350300,2,15.333333,8,10,17,20,887
18,097,350300,3,14.166667,8,17,13,17,777
18,097,350400,1,11,4,2,15,15,1010
18,097,350400,2,13,9,3,14,19,571
18,097,350400,3,14.833333,11,6,16,20,1295
18,097,350500,1,12,10,4,13,16,375
18,097,350500,2,13.833333,11,8,12,20,1131
18,097,350500,3,11.833333,11,2,13,16,756
18,097,350600,1,11.333333,3,3,15,16,585
18,097,350600,2,9.333333,1,1,11,16,1119
18,097,350600,3,11,1,1,16,16,1467
18,097,350600,4,10.833333,2,1,15,16,828
18,097,350600,5,14,5,5,18,19,729
18,097,350700,1,12.333333,5,5,13,19,786
18,097,350700,2,11.833333,12,1,15,14,580
18,097,350800,1,13.166667,4,5,20,15,1059
18,097,350800,2,12,6,6,13,17,882
18,097,350900,1,13,8,6,14,18,545
18,097,350900,2,12,1,1,16,19,919
18,097,351000,1,12.833333,11,2,14,18,1011
18,097,351000,2,14.166667,15,6,14,18,827
18,097,351000,3,13.5,9,8,14,18,716
18,097,351200,1,15.333333,10,12,16,19,955
18,097,351200,2,14,3,13,14,20,1568
18,097,351500,1,15.333333,15,5,18,18,904
18,097,351500,2,12.333333,12,2,13,17,731
18,097,351500,3,11.833333,8,5,11,18,305
18,097,351600,1,16.666667,15,15,16,19,1588
18,097,351600,2,17.666667,18,20,15,19,752
18,097,351700,1,16.833333,19,10,16,20,815
18,097,351700,2,14.333333,14,10,12,19,899
18,097,351700,3,14.166667,20,1,14,18,638
18,097,351900,1,12,7,1,16,16,646
18,097,351900,2,17.833333,14,17,18,20,613
18,097,351900,3,10.833333,1,6,13,16,1165
18,097,352100,1,11,1,1,16,16,613
18,097,352100,2,14.5,13,6,16,18,866
18,097,352100,3,13.5,13,6,14,17,625
18,097,352300,1,13,16,4,15,14,596
18,097,352300,2,10.833333,13,4,7,17,516
18,097,352400,1,13.666667,7,5,19,16,1028
18,097,352400,2,12,2,6,14,18,1758
18,097,352400,3,11.333333,14,6,8,16,359
18,097,352500,1,14.333333,14,4,18,16,494
18,097,352500,2,15.833333,5,18,19,17,1155
18,097,352500,3,13.833333,4,9,19,16,382
18,097,352500,4,13.333333,6,4,19,16,654
18,097,352600,1,10.333333,1,1,10,20,805
18,097,352600,2,16.166667,19,10,15,19,939
18,097,352600,3,14.166667,20,1,16,16,667
18,097,352600,4,13.666667,12,4,15,18,811
18,097,352600,5,13.166667,8,3,16,18,214
18,097,352700,1,14.833333,18,13,13,16,1052
18,097,352700,2,16,15,13,18,16,1493
18,097,352800,1,13.166667,18,7,14,13,999
18,097,353300,1,17.666667,20,20,14,19,630
18,097,353300,2,16.333333,18,18,13,18,813
18,097,353300,3,14.833333,11,4,17,20,961
18,097,353500,1,15.666667,12,6,18,20,1405
18,097,353500,2,14,18,12,8,19,1105
18,097,353600,1,13.166667,13,4,13,18,602
18,097,353600,2,12.833333,19,8,8,17,377
18,097,353600,3,11.333333,9,1,11,18,655
18,097,353600,4,14.5,17,10,11,19,1494
18,097,354200,1,15.833333,13,6,20,18,918
18,097,354200,2,18.833333,17,20,20,18,1716
18,097,354200,3,18,17,13,19,20,4869
18,097,354400,1,17.5,18,11,19,19,1411
18,097,354500,1,11.666667,1,1,14,20,486
18,097,354500,2,15.833333,5,18,16,20,1790
18,097,354700,1,13,4,12,15,16,864
18,097,354700,2,13.166667,10,7,11,20,621
18,097,354800,1,10.5,6,3,11,16,678
18,097,354800,2,12.333333,13,1,11,19,424
18,097,354800,3,12.5,2,3,17,18,397
18,097,354900,1,12.333333,9,13,10,16,1309
18,097,354900,2,13.166667,8,9,14,17,1646
18,097,355000,1,13.333333,11,3,13,20,468
18,097,355000,2,11.666667,5,1,14,18,982
18,097,355000,3,13.333333,10,10,11,19,784
18,097,355100,1,11.5,6,1,12,19,761
18,097,355100,2,13.5,9,2,15,20,558
18,097,355100,3,17,16,10,18,20,478
18,097,355300,1,12.166667,2,7,15,17,1298
18,097,355300,2,14.666667,16,6,17,16,1055
18,097,355400,1,13.166667,4,9,15,18,865
18,097,355400,2,15,11,5,18,19,784
18,097,355400,3,12.666667,4,6,13,20,1191
18,097,355500,1,12,2,4,16,17,1000
18,097,355500,2,11.333333,2,6,16,14,1646
18,097,355500,3,11.166667,12,1,9,18,1080
18,097,355600,1,14.833333,18,15,11,17,1946
18,097,355700,1,14,17,3,13,19,764
18,097,355700,2,14.5,17,12,13,16,475
18,097,355700,3,13.666667,6,6,16,19,960
18,097,355900,1,11.833333,4,1,16,17,648
18,097,355900,2,11.166667,2,1,14,18,389
18,097,355900,3,17.666667,20,16,18,17,708
18,097,355900,4,10.5,6,3,11,16,415
18,097,356200,1,19.333333,19,19,19,20,1144
18,097,356200,2,13.5,10,5,16,17,2897
18,097,356400,1,17.333333,18,12,17,20,1463
18,097,356400,2,14.833333,20,11,11,18,1294
18,097,356400,3,17.333333,19,11,17,20,717
18,097,356900,1,14.833333,14,9,15,18,738
18,097,356900,2,13.5,2,1,20,19,652
18,097,356900,3,13.166667,5,8,14,19,612
18,097,356900,4,15.166667,17,6,17,17,422
18,097,357000,1,9.5,6,1,8,17,392
18,097,357000,2,11.666667,6,4,12,18,983
18,097,357000,3,12,1,1,17,18,721
18,097,357000,4,17.333333,18,10,19,19,257
18,097,357100,1,14.333333,19,7,11,19,387
18,097,357100,2,15.666667,17,3,20,17,503
18,097,357100,3,13.5,8,3,16,19,337
18,097,357100,4,13.166667,16,7,12,16,787
18,097,357200,1,14.833333,16,5,18,16,562
18,097,357200,2,14.333333,11,1,17,20,439
18,097,357200,3,12.833333,2,3,16,20,693
18,097,357200,4,14.333333,11,3,17,19,736
18,097,357300,1,13.5,14,3,13,19,1345
18,097,357300,2,16,15,9,17,19,953
18,097,357400,1,13.833333,11,6,15,18,728
18,097,357400,2,9.833333,11,2,10,13,1336
18,097,357400,3,13.666667,19,11,10,16,1044
18,097,357400,4,11.833333,9,14,11,13,1693
18,097,357500,1,11.166667,14,3,11,14,1387
18,097,357500,2,13.833333,20,3,13,17,1290
18,097,357500,3,13.5,17,4,15,15,952
18,097,357500,4,14.833333,16,15,13,16,558
18,097,357600,1,13.333333,10,12,13,16,1558
18,097,357600,2,13,7,7,16,16,1905
18,097,357600,3,11.833333,1,4,17,16,1172
18,097,357600,4,10.5,1,4,15,14,1951
18,097,357800,1,15.333333,13,7,19,17,760
18,097,357800,2,14.833333,14,5,15,20,1043
18,097,357900,1,15.333333,9,15,19,15,937
18,097,357900,2,12.666667,15,11,7,18,939
18,097,357900,3,17.666667,19,15,16,20,1273
18,097,357900,4,12.666667,2,6,15,19,362
18,097,358000,1,11.333333,11,5,9,17,480
18,097,358000,2,11.833333,14,5,10,16,962
18,097,358100,1,12.5,4,5,15,18,1586
18,097,358100,2,12,2,4,19,14,638
18,097,358100,3,12,11,5,9,19,710
18,097,360101,1,12,14,8,9,16,1410
18,097,360101,2,11.5,16,7,9,14,992
18,097,360102,1,13,14,14,11,14,1219
18,097,360102,2,12.5,12,9,11,16,981
18,097,360201,1,12.666667,4,12,16,14,1972
18,097,360201,2,10.5,14,5,7,15,1094
18,097,360201,3,9,5,1,11,13,761
18,097,360202,1,11,11,3,11,15,2329
18,097,360202,2,11.333333,4,6,12,17,918
18,097,360301,1,8.0,17,9,10,1,2649
18,097,360301,2,9.666667,11,5,8,13,822
18,097,360302,1,10.833333,14,5,8,15,1165
18,097,360302,2,12.333333,14,10,10,15,1344
18,097,360401,1,12,6,2,15,17,1044
18,097,360401,2,13.666667,14,10,14,15,1777
18,097,360401,3,8.333333,8,16,12,1,3354
18,097,360402,1,12.333333,17,9,10,14,2194
18,097,360404,1,3.5,5,2,6,1,1574
18,097,360404,2,4.333333,3,5,8,1,3593
18,097,360404,3,4.5,2,1,11,1,1903
18,097,360405,1,5,4,10,7,1,2580
18,097,360405,2,7.833333,3,18,12,1,3272
18,097,360501,1,4.666667,3,5,9,1,1530
18,097,360501,2,5.166667,2,5,11,1,2219
18,097,360501,3,14.666667,15,13,16,14,2515
18,097,360502,1,9.666667,9,5,9,13,2202
18,097,360502,2,14.666667,18,16,13,14,3122
18,097,360502,3,16.333333,19,15,15,17,931
18,097,360601,1,12,6,10,12,16,1562
18,097,360601,2,11.166667,10,5,12,14,1539
18,097,360601,3,15.5,19,14,14,16,761
18,097,360601,4,12.833333,12,15,10,15,986
18,097,360602,1,13.833333,20,19,7,15,1337
18,097,360602,2,13.166667,15,14,10,15,1864
18,097,360602,3,14.666667,12,6,17,18,1922
18,097,360602,4,14.166667,16,13,11,17,661
18,097,360700,1,14,20,18,9,14,607
18,097,360700,2,16.166667,17,20,12,18,1265
18,097,360800,1,17,17,15,18,17,593
18,097,360800,2,14.833333,20,15,11,16,1778
18,097,360900,1,11.166667,5,2,13,17,1252
18,097,360900,2,14.5,14,9,16,16,2019
18,097,360900,3,14.666667,14,6,18,16,719
18,097,360900,4,11.333333,3,7,14,15,513
18,097,360900,5,12.666667,5,1,16,19,684
18,097,361000,1,14,4,12,17,17,1209
18,097,361000,2,14,3,11,18,17,1040
18,097,361100,1,17.333333,17,17,18,17,951
18,097,361100,2,13.333333,9,15,10,18,972
18,097,361100,3,11.5,6,7,10,18,682
18,097,361100,4,14.666667,7,11,18,17,841
18,097,361200,1,14.333333,16,6,14,18,464
18,097,361200,2,12.333333,13,5,13,15,498
18,097,361200,3,11.666667,6,4,14,16,2401
18,097,361300,1,11.833333,17,10,9,13,842
18,097,361300,2,14.5,20,17,9,16,828
18,097,361300,3,11,10,4,11,15,882
18,097,361400,1,5.833333,13,6,7,1,1164
18,097,361400,2,5.166667,5,10,7,1,3431
18,097,361400,3,5.833333,15,6,6,1,3749
18,097,361400,4,5.666667,11,1,10,1,1210
18,097,361400,5,9.666667,8,12,6,13,1980
18,097,361600,1,8.833333,18,13,10,1,5471
18,097,361600,2,4.166667,5,8,5,1,3897
18,097,370201,1,7.0,16,10,7,1,795
18,097,370201,2,7.666667,1,1,9,13,731
18,097,370201,3,9.833333,13,6,6,14,200
18,097,370201,4,7.5,8,11,12,1,2746
18,097,370202,1,8.5,7,6,6,13,713
18,097,370202,2,13,17,9,12,14,1120
18,097,370202,3,4.166667,1,2,10,1,1830
18,097,370202,4,13,4,16,14,15,2511
18,097,370301,1,7.0,16,12,6,1,8062
18,097,370301,2,4.333333,14,2,4,1,2667
18,097,370302,1,3.333333,2,4,6,1,3509
18,097,370302,2,3.5,1,4,7,1,2880
18,097,370302,3,5,1,9,9,1,2325
18,097,380100,1,6.666667,4,14,10,1,3471
18,097,380100,2,5.833333,4,11,9,1,3232
18,097,380100,3,6.5,17,8,6,1,13166
18,097,380200,1,14.166667,11,18,11,17,1082
18,097,380200,2,6.666667,16,8,7,1,948
18,097,380200,3,17.333333,20,18,16,17,1068
18,097,380300,1,13.333333,17,15,8,16,632
18,097,380300,2,14.833333,18,15,13,15,1058
18,097,380300,3,13.166667,17,10,11,15,1126
18,097,380300,4,11,4,10,12,14,748
18,097,380300,5,13.833333,10,3,20,15,1311
18,097,380402,1,11,1,1,14,18,1754
18,097,380402,2,13.333333,19,11,11,14,1155
18,097,380402,3,10.166667,3,4,10,17,2074
18,097,380403,1,12,1,3,19,15,1563
18,097,380403,2,13.5,14,19,11,13,1478
18,097,380403,3,19,19,15,20,20,716
18,097,380403,4,12.666667,1,1,19,18,382
18,097,380404,1,12.833333,17,4,10,18,1317
18,097,380404,2,13.166667,9,10,13,17,1092
18,097,380404,3,5.833333,6,5,11,1,1426
18,097,380501,1,6.0,8,8,9,1,1132
18,097,380501,2,9.166667,2,3,12,13,1317
18,097,380502,1,10.833333,4,1,13,17,1044
18,097,380502,2,12.333333,3,7,19,13,1430
18,097,380502,3,11.833333,5,14,13,13,1288
18,097,380600,1,15.5,18,17,16,13,2058
18,097,380600,2,5.833333,14,9,5,1,1519
18,097,380600,3,15.833333,15,20,14,16,1915
18,097,380700,1,14.666667,15,15,10,19,2878
18,097,380700,2,15.333333,14,20,11,18,940
18,097,380700,3,6.333333,11,11,7,1,2036
18,097,380800,1,5.333333,11,3,8,1,1251
18,097,380800,2,16.166667,19,12,14,19,768
18,097,380800,3,13,20,14,9,13,814
18,097,380901,1,7.0,5,11,12,1,1838
18,097,380901,2,6.833333,16,7,8,1,1037
18,097,380901,3,5.333333,1,3,13,1,1933
18,097,380902,1,7.666667,15,11,9,1,929
18,097,380902,2,8.833333,19,12,10,1,1754
18,097,380902,3,8.666667,17,13,10,1,3032
18,097,381001,1,15.833333,18,13,19,13,1986
18,097,381001,2,11.333333,8,16,9,13,1634
18,097,381001,3,12,5,15,11,15,2278
18,097,381001,4,14.5,15,20,12,14,1241
18,097,381002,1,6.666667,8,14,8,1,1307
18,097,381002,2,12.5,11,20,9,13,949
18,097,381002,3,13.333333,14,8,15,14,928
18,097,381101,1,13.333333,9,13,10,19,2424
18,097,381101,2,5.833333,1,14,9,1,3459
18,097,381102,1,7.666667,5,17,11,1,1505
18,097,381102,2,13.666667,18,14,10,15,2075
18,097,381102,3,6.0,2,10,11,1,2228
18,097,381201,1,10.333333,2,8,11,15,2316
18,097,381201,2,7.666667,11,13,10,1,1427
18,097,381201,3,8.666667,13,9,14,1,1281
18,097,381201,4,5,2,6,10,1,2095
18,097,381203,1,15,18,12,15,15,1419
18,097,381203,2,17,14,14,20,17,1780
18,097,381204,1,12.833333,10,7,13,17,782
18,097,381204,2,17.666667,19,15,19,17,1580
18,097,381204,3,13.333333,14,2,16,16,779
18,097,381205,1,9.166667,14,19,10,1,3386
18,097,381205,2,5.333333,2,4,12,1,3337
18,097,390101,1,5.5,4,11,8,1,3966
18,097,390101,2,6.0,10,8,8,1,2438
18,097,390101,3,6,5,15,7,1,2488
18,097,390102,1,10.666667,20,18,12,1,1259
18,097,390102,2,8.166667,18,13,8,1,4751
18,097,390200,1,8.0,14,16,8,1,2433
18,097,390200,2,5.333333,12,10,4,1,1574
18,097,390300,1,3.666667,2,6,6,1,1028
18,097,390300,2,4.333333,8,4,6,1,657
18,097,390300,3,4.166667,10,3,5,1,4142
18,097,390402,1,6.5,2,15,10,1,5701
18,097,390402,2,7.5,6,17,10,1,1871
18,097,390402,3,5.666667,1,11,10,1,4456
18,097,390403,1,6.833333,7,18,7,1,5600
18,097,390403,2,5.5,4,13,7,1,5156
18,097,390404,1,6.333333,5,3,14,1,2253
18,097,390404,2,11.166667,10,13,9,13,1772
18,097,390404,3,10.666667,17,15,15,1,1660
18,097,390405,1,5.166667,8,3,9,1,1496
18,097,390405,2,14.5,20,19,11,13,2712
18,097,390500,1,12.5,14,1,13,17,438
18,097,390500,2,15.333333,10,10,16,20,1660
18,097,390600,1,9.0,18,20,7,1,3224
18,097,390600,2,5.333333,5,7,9,1,2574
18,097,390700,1,14,15,3,16,17,881
18,097,390700,2,13.166667,7,8,13,19,1157
18,097,390700,3,13.5,6,9,17,16,1029
18,097,390800,1,5.666667,13,7,6,1,2433
18,097,390800,2,11.666667,12,10,11,13,1559
18,097,390900,1,16.666667,9,19,18,18,1557
18,097,390900,2,13.166667,7,8,14,18,477
18,097,390900,3,16.333333,11,9,19,20,745
18,097,391000,1,18.5,15,16,20,20,2902
18,097,391000,2,14.5,2,7,20,19,743
18,097,391000,3,18.5,17,18,18,20,2336
